,순위,종목코드,종목명,주식종류,시장구분,주당배당금,시가배당율,액면가배당율,액면가,결산월
0,1,023450,동남합성,보통주,유가증권시장,"9,900",29.50,"1,980.00",500,12
1,2,017390,서울도시가스,보통주,유가증권시장,"16,750",21.14,335.00,"5,000",12
2,3,950180,에스앤케이 KDR,보통주,코스닥시장,"3,245",19.80,0.00,0,07
3,4,008110,대동전자,보통주,유가증권시장,500,16.20,100.00,500,03
4,20,078020,이베스트투자증권,보통주,코스닥시장,550,7.80,11.00,"5,000",12
5,21,011785,금호석유화학1우,우선주,유가증권시장,"4,250",7.80,85.00,"5,000",12
6,22,007340,디티알오토모티브,보통주,유가증권시장,"2,000",7.60,400.00,500,12
7,23,003475,유안타증권1우,우선주,유가증권시장,175,7.30,3.50,"5,000",12
8,24,145270,케이탑자기관리부동산투자회사,보통주,유가증권시장,80,6.70,8.00,"1,000",12
9,25,005960,동부건설,보통주,유가증권시장,900,6.60,18.00,"5,000",12
10,26,122900,아이마켓코리아,보통주,유가증권시장,600,6.40,120.00,500,12
11,27,040420,정상제이엘에스,보통주,코스닥시장,430,6.39,86.00,500,12
12,28,100250,진양홀딩스,보통주,유가증권시장,170,6.30,34.00,500,12
13,29,175330,JB금융지주,보통주,유가증권시장,374,6.30,7.48,"5,000",12
14,30,085910,네오티스,보통주,코스닥시장,250,6.29,50.00,500,12
15,16,003410,쌍용씨앤이,보통주,유가증권시장,440,8.00,143.00,100,12
16,17,001750,한양증권,보통주,유가증권시장,750,7.90,15.00,"5,000",12
17,18,282690,동아타이어공업(신설),보통주,유가증권시장,800,7.90,160.00,500,12
18,19,000060,메리츠화재해상보험,보통주,유가증권시장,"1,280",7.90,256.00,500,12
19,35,244920,에이플러스에셋어드바이저,보통주,유가증권시장,350,6.17,70.00,500,12
20,36,007330,푸른상호저축은행,보통주,코스닥시장,550,6.14,55.00,"1,000",12
21,37,190650,코리아에셋투자증권,보통주,코스닥시장,300,6.10,6.00,"5,000",03
22,38,078935,지에스1우,우선주,유가증권시장,"1,950",6.10,39.00,"5,000",12
23,39,225190,삼양옵틱스,보통주,코스닥시장,600,6.04,120.00,500,12
24,40,194370,제이에스코퍼레이션,보통주,유가증권시장,450,6.03,450.00,100,12
25,41,005940,NH투자증권,보통주,유가증권시장,700,6.00,14.00,"5,000",12
26,42,028150,지에스홈쇼핑,보통주,코스닥시장,"8,500",6.00,170.00,"5,000",12
27,43,001275,부국증권1우,우선주,유가증권시장,"1,250",6.00,25.00,"5,000",12
28,44,031330,에스에이엠티,보통주,코스닥시장,150,6.00,30.00,500,12
29,45,267250,현대중공업지주,보통주,유가증권시장,"18,500",5.93,370.00,"1,000",12
30,31,001795,대한제당1우,우선주,유가증권시장,925,6.26,37.00,500,12
31,32,016610,디비금융투자,보통주,유가증권시장,300,6.21,6.00,"5,000",12
32,33,004800,효성,보통주,유가증권시장,"5,000",6.20,100.00,"5,000",12
33,34,088260,이리츠코크렙기업구조조정부동산투자회사,보통주,유가증권시장,350,6.20,70.00,500,12
34,50,000970,한국주철관공업,보통주,유가증권시장,400,5.80,80.00,500,12
35,51,007590,동방아그로,보통주,유가증권시장,370,5.80,74.00,500,12
36,52,030610,교보증권,보통주,유가증권시장,450,5.74,9.00,"5,000",12
37,53,000815,삼성화재해상보험1우,우선주,유가증권시장,"8,805",5.70,"1,761.00",500,12
38,54,019440,세아특수강,보통주,유가증권시장,700,5.70,14.00,"5,000",12
39,55,086790,하나금융지주,보통주,유가증권시장,"1,850",5.60,37.00,"5,000",12
40,56,015360,예스코홀딩스,보통주,유가증권시장,"2,000",5.50,40.00,"5,000",12
41,57,033780,케이티앤지,보통주,유가증권시장,"4,800",5.50,96.00,"5,000",12
42,58,29394K,신한알파위탁관리부동산투자회사1우,우선주,기타비상장,825,5.50,82.50,"1,000",03
43,59,003570,에스앤티중공업,보통주,유가증권시장,300,5.50,12.00,"2,500",12
44,60,092440,기신정기,보통주,유가증권시장,150,5.50,30.00,500,03
45,46,001720,신영증권,보통주,유가증권시장,"2,500",5.93,50.00,"5,000",03
46,47,001725,신영증권1우,우선주,유가증권시장,"2,550",5.92,51.00,"5,000",03
47,48,082640,동양생명보험,보통주,유가증권시장,220,5.90,4.40,"5,000",12
48,64,139130,DGB금융지주,보통주,유가증권시장,390,5.40,7.80,"5,000",12
49,65,344820,케이씨씨글라스,보통주,유가증권시장,"2,100",5.31,210.00,"1,000",12
50,66,030200,케이티,보통주,유가증권시장,"1,350",5.30,27.00,"5,000",12
51,67,092230,KPX홀딩스,보통주,유가증권시장,"3,100",5.30,62.00,"5,000",12
52,68,004970,신라교역,보통주,유가증권시장,500,5.30,100.00,500,12
53,69,128660,피제이메탈,보통주,코스닥시장,120,5.30,24.00,500,12
54,70,001270,부국증권,보통주,유가증권시장,"1,200",5.30,24.00,"5,000",12
55,71,094820,일진파워,보통주,코스닥시장,300,5.30,60.00,500,12
56,72,039240,경남스틸,보통주,코스닥시장,100,5.20,100.00,100,12
57,73,016360,삼성증권,보통주,유가증권시장,"2,200",5.20,44.00,"5,000",12
58,74,123890,한국자산신탁,보통주,유가증권시장,220,5.20,44.00,500,12
59,75,003690,코리안리재보험,보통주,유가증권시장,450,5.20,90.00,500,12
60,61,138930,BNK금융지주,보통주,유가증권시장,320,5.40,6.40,"5,000",12
61,62,002990,금호건설,보통주,유가증권시장,500,5.40,10.00,"5,000",12
62,63,029960,코엔텍,보통주,코스닥시장,510,5.40,102.00,500,12
63,64,139130,DGB금융지주,보통주,유가증권시장,390,5.40,7.80,"5,000",12
64,80,003690,코리안리재보험,보통주,유가증권시장,450,5.20,90.00,500,12
65,81,065690,파커스,보통주,코스닥시장,150,5.13,30.00,500,12
66,82,078930,지에스,보통주,유가증권시장,"1,900",5.10,38.00,"5,000",12
67,83,338100,엔에이치프라임위탁관리부동산투자회사,보통주,유가증권시장,246,5.10,49.20,500,11
68,84,035000,지투알,보통주,유가증권시장,300,5.10,30.00,"1,000",12
69,85,100840,에스앤티에너지,보통주,유가증권시장,800,5.10,160.00,500,12
70,86,005935,삼성전자1우,우선주,유가증권시장,"2,995",5.10,"2,995.00",100,12
71,87,025000,KPX케미칼,보통주,유가증권시장,"2,750",5.09,55.00,"5,000",12
72,88,002460,화성산업,보통주,유가증권시장,650,5.07,13.00,"5,000",12
73,89,204210,모두투어자기관리부동산투자회사,보통주,유가증권시장,150,5.07,3.00,"5,000",12
74,90,024110,중소기업은행,보통주,유가증권시장,471,5.00,9.42,"5,000",12
75,76,072870,메가스터디,보통주,코스닥시장,600,5.20,120.00,500,12
76,77,054040,한국컴퓨터,보통주,코스닥시장,150,5.20,30.00,500,12
77,78,016360,삼성증권,보통주,유가증권시장,"2,200",5.20,44.00,"5,000",12
78,79,123890,한국자산신탁,보통주,유가증권시장,220,5.20,44.00,500,12
79,95,213500,한솔제지,보통주,유가증권시장,700,4.94,14.00,"5,000",12
80,96,000650,천일고속,보통주,유가증권시장,"3,000",4.90,60.00,"5,000",12
81,97,002960,한국쉘석유,보통주,유가증권시장,"14,000",4.90,280.00,"5,000",12
82,98,005830,디비손해보험,보통주,유가증권시장,"2,200",4.90,440.00,500,12
83,99,000480,조선내화,보통주,유가증권시장,"4,200",4.89,84.00,"5,000",12
84,100,003465,유화증권1우,우선주,유가증권시장,120,4.83,12.00,"1,000",12
85,101,034590,인천도시가스,보통주,유가증권시장,"1,250",4.80,25.00,"5,000",12
86,102,225330,씨엠에스에듀,보통주,코스닥시장,260,4.80,52.00,500,12
87,103,017940,E1,보통주,유가증권시장,"2,200",4.80,44.00,"5,000",12
88,104,005930,삼성전자,보통주,유가증권시장,"2,994",4.70,"2,994.00",100,12
89,105,293940,신한알파위탁관리부동산투자회사,보통주,유가증권시장,303,4.70,30.30,"1,000",03
90,91,091340,에스엔케이폴리텍,보통주,코스닥시장,250,5.00,50.00,500,12
91,92,000440,중앙에너비스,보통주,코스닥시장,480,5.00,96.00,500,12
92,93,001500,현대차증권,보통주,유가증권시장,675,5.00,13.50,"5,000",12
93,94,102260,동성케미컬,보통주,유가증권시장,250,5.00,25.00,"1,000",12
94,110,120115,코오롱인더스트리1우,우선주,유가증권시장,"1,050",4.70,21.00,"5,000",12
95,111,046110,한일네트웍스,보통주,코스닥시장,240,4.70,48.00,500,12
96,112,001800,오리온홀딩스,보통주,유가증권시장,650,4.70,130.00,500,12
97,113,293940,신한알파위탁관리부동산투자회사,보통주,유가증권시장,303,4.70,30.30,"1,000",03
98,114,003460,유화증권,보통주,유가증권시장,110,4.62,11.00,"1,000",12
99,115,003780,진양산업,보통주,유가증권시장,180,4.60,36.00,500,12
100,116,030210,케이티비투자증권,보통주,유가증권시장,150,4.60,3.00,"5,000",12
101,117,000075,삼양홀딩스1우,우선주,유가증권시장,"2,300",4.60,46.00,"5,000",12
102,118,065710,서호전기,보통주,코스닥시장,"1,000",4.60,200.00,500,12
103,119,272550,삼양패키징,보통주,유가증권시장,"1,000",4.60,20.00,"5,000",12
104,120,267290,경동도시가스(신설),보통주,유가증권시장,875,4.60,35.00,"2,500",12
105,106,071055,한국투자금융지주1우,우선주,유가증권시장,"3,062",4.70,61.23,"5,000",12
106,107,093920,서원인텍,보통주,코스닥시장,350,4.70,70.00,500,12
107,108,300720,한일시멘트(신설),보통주,유가증권시장,"5,100",4.70,102.00,"5,000",12
108,124,015760,한국전력공사,보통주,유가증권시장,"1,216",4.50,24.32,"5,000",12
109,125,000155,두산1우,우선주,유가증권시장,"2,050",4.50,41.00,"5,000",12
110,126,117580,대성에너지,보통주,유가증권시장,250,4.50,25.00,"1,000",12
111,127,003300,한일홀딩스,보통주,유가증권시장,510,4.50,51.00,"1,000",12
112,128,000810,삼성화재해상보험,보통주,유가증권시장,"8,800",4.50,"1,760.00",500,12
113,129,041520,이라이콤,보통주,코스닥시장,600,4.50,120.00,500,12
114,130,037350,성도이엔지,보통주,코스닥시장,200,4.48,40.00,500,12
115,131,049720,고려신용정보,보통주,코스닥시장,275,4.40,55.00,500,12
116,132,036190,금화피에스시,보통주,코스닥시장,"1,300",4.40,260.00,500,12
117,133,227840,현대코퍼레이션홀딩스,보통주,유가증권시장,500,4.40,10.00,"5,000",12
118,134,011040,경동제약,보통주,코스닥시장,500,4.40,100.00,500,12
119,135,005305,롯데칠성음료1우,우선주,유가증권시장,"2,705",4.40,541.00,500,12
120,121,267290,경동도시가스(신설),보통주,유가증권시장,875,4.60,35.00,"2,500",12
121,122,055550,신한금융지주회사,보통주,유가증권시장,"1,500",4.50,30.00,"5,000",12
122,123,004255,엔피씨1우,우선주,유가증권시장,105,4.50,21.00,500,12
123,124,015760,한국전력공사,보통주,유가증권시장,"1,216",4.50,24.32,"5,000",12
124,140,130660,한전산업개발,보통주,유가증권시장,208,4.34,41.60,500,12
125,141,134380,미원화학,보통주,유가증권시장,"2,500",4.32,250.00,"1,000",12
126,142,002920,유성기업,보통주,유가증권시장,120,4.30,24.00,500,12
127,143,027710,팜스토리,보통주,코스닥시장,50,4.30,10.00,500,12
128,144,008060,대덕,보통주,유가증권시장,300,4.30,60.00,500,12
129,145,001450,현대해상화재보험,보통주,유가증권시장,"1,000",4.30,200.00,500,12
130,146,004650,창해에탄올,보통주,코스닥시장,600,4.30,120.00,500,12
131,147,018120,진로발효,보통주,코스닥시장,"1,350",4.29,270.00,500,12
132,148,005810,풍산홀딩스,보통주,유가증권시장,"1,200",4.20,24.00,"5,000",12
133,149,023760,한국캐피탈,보통주,코스닥시장,25,4.20,5.00,500,12
134,150,036530,에스앤티홀딩스,보통주,유가증권시장,650,4.20,130.00,500,12
135,136,039010,현대에이치티,보통주,코스닥시장,350,4.36,70.00,500,12
136,137,010960,삼호개발,보통주,유가증권시장,190,4.36,38.00,500,12
137,138,010770,평화홀딩스,보통주,유가증권시장,150,4.35,30.00,500,12
138,139,034830,한국토지신탁,보통주,유가증권시장,90,4.34,9.00,"1,000",12
139,155,023760,한국캐피탈,보통주,코스닥시장,25,4.20,5.00,500,12
140,156,036530,에스앤티홀딩스,보통주,유가증권시장,650,4.20,130.00,500,12
141,157,024090,디씨엠,보통주,유가증권시장,500,4.15,100.00,500,12
142,158,002355,넥센타이어1우,우선주,유가증권시장,110,4.15,22.00,500,12
143,159,005090,에스지씨에너지,보통주,유가증권시장,"1,500",4.10,30.00,"5,000",12
144,160,023150,MH에탄올,보통주,유가증권시장,350,4.10,70.00,500,12
145,161,006805,미래에셋증권1우,우선주,유가증권시장,220,4.10,4.40,"5,000",12
146,162,096240,청담러닝,보통주,코스닥시장,800,4.10,160.00,500,12
147,163,005965,동부건설1우,우선주,유가증권시장,950,4.10,19.00,"5,000",12
148,164,000320,노루홀딩스,보통주,유가증권시장,450,4.06,90.00,500,12
149,165,095720,웅진씽크빅,보통주,유가증권시장,110,4.01,22.00,500,12
150,151,950190,미투젠과기유한회사 KDR,보통주,코스닥시장,"1,095",4.20,0.00,0,12
151,152,010470,오리콤,보통주,코스닥시장,220,4.20,22.00,"1,000",12
152,153,036560,영풍정밀,보통주,코스닥시장,350,4.20,70.00,500,12
153,154,017670,SK텔레콤,보통주,유가증권시장,"10,000",4.20,"2,000.00",500,12
154,170,121060,유니포인트,보통주,코넥스시장,50,4.00,10.00,500,12
155,171,023000,삼원강재,보통주,유가증권시장,105,3.97,21.00,500,12
156,172,094280,효성ITX,보통주,유가증권시장,750,3.90,150.00,500,12
157,173,039570,HDC아이콘트롤스,보통주,유가증권시장,400,3.90,80.00,500,12
158,174,078000,텔코웨어,보통주,유가증권시장,480,3.90,96.00,500,12
159,175,021080,에이티넘인베스트먼트,보통주,코스닥시장,100,3.90,20.00,500,12
160,176,006390,한일현대시멘트,보통주,유가증권시장,"1,100",3.90,22.00,"5,000",12
161,177,069510,에스텍,보통주,코스닥시장,400,3.90,80.00,500,12
162,178,014530,극동유화,보통주,유가증권시장,140,3.90,28.00,500,12
163,179,105560,KB금융지주,보통주,유가증권시장,"1,770",3.90,35.40,"5,000",12
164,180,001790,대한제당,보통주,유가증권시장,900,3.86,36.00,500,12
165,166,015890,태경산업,보통주,유가증권시장,240,4.00,48.00,500,12
166,167,030000,제일기획,보통주,유가증권시장,840,4.00,420.00,200,12
167,168,069260,휴켐스,보통주,유가증권시장,"1,000",4.00,100.00,"1,000",12
168,169,140520,대창스틸,보통주,코스닥시장,100,4.00,20.00,500,12
169,185,001045,씨제이1우,우선주,유가증권시장,"2,050",3.80,41.00,"5,000",12
170,186,005490,포스코,보통주,유가증권시장,"8,000",3.80,160.00,"5,000",12
171,187,071050,한국투자금융지주,보통주,유가증권시장,"3,000",3.80,60.00,"5,000",12
172,188,071840,롯데하이마트,보통주,유가증권시장,"1,200",3.80,24.00,"5,000",12
173,189,037440,희림종합건축사사무소,보통주,코스닥시장,150,3.80,30.00,500,12
174,190,005160,동국산업,보통주,코스닥시장,130,3.80,13.00,"1,000",12
175,191,003555,LG1우,우선주,유가증권시장,"2,550",3.80,51.00,"5,000",12
176,192,011760,현대코퍼레이션,보통주,유가증권시장,600,3.80,12.00,"5,000",12
177,193,051600,한전KPS,보통주,유가증권시장,"1,146",3.70,573.00,200,12
178,194,032640,LG유플러스,보통주,유가증권시장,450,3.70,9.00,"5,000",12
179,195,004690,삼천리,보통주,유가증권시장,"3,000",3.70,60.00,"5,000",12
180,181,013120,동원개발,보통주,코스닥시장,185,3.85,37.00,500,12
181,182,000085,하이트진로1우,우선주,기타비상장,800,3.80,16.00,"5,000",12
182,183,161000,애경유화,보통주,유가증권시장,350,3.80,70.00,500,12
183,184,018670,SK가스,보통주,유가증권시장,"4,000",3.80,80.00,"5,000",12
184,200,079980,휴비스,보통주,유가증권시장,300,3.60,6.00,"5,000",12
185,201,079000,와토스코리아,보통주,코스닥시장,200,3.60,40.00,500,12
186,202,316140,우리금융지주,보통주,유가증권시장,360,3.60,7.20,"5,000",12
187,203,008370,원풍,보통주,코스닥시장,160,3.60,32.00,500,12
188,204,35320K,대덕전자 1우,우선주,유가증권시장,305,3.60,61.00,500,12
189,205,011330,유니켐,보통주,유가증권시장,50,3.60,10.00,500,12
190,206,064960,에스앤티모티브,보통주,유가증권시장,"1,600",3.60,32.00,"5,000",12
191,207,058850,케이티씨에스,보통주,유가증권시장,80,3.60,16.00,500,12
192,208,010640,진양폴리우레탄,보통주,유가증권시장,125,3.60,25.00,500,12
193,209,068930,디지털대성,보통주,코스닥시장,300,3.60,60.00,500,12
194,210,054930,유신,보통주,코스닥시장,500,3.60,10.00,"5,000",12
195,196,032640,LG유플러스,보통주,유가증권시장,450,3.70,9.00,"5,000",12
196,197,004690,삼천리,보통주,유가증권시장,"3,000",3.70,60.00,"5,000",12
197,198,002025,코오롱1우,우선주,유가증권시장,550,3.68,11.00,"5,000",12
198,199,010130,고려아연,보통주,유가증권시장,"15,000",3.63,300.00,"5,000",12
199,215,115500,케이씨에스,보통주,코스닥시장,220,3.50,44.00,500,12
200,216,017480,삼현철강,보통주,코스닥시장,150,3.50,30.00,500,12
201,217,221980,케이디켐,보통주,코스닥시장,500,3.50,100.00,500,12
202,218,013030,하이록코리아,보통주,코스닥시장,500,3.50,100.00,500,12
203,219,00806K,대덕1우,우선주,유가증권시장,305,3.50,61.00,500,12
204,220,009680,모토닉,보통주,유가증권시장,400,3.50,80.00,500,12
205,221,002810,삼영무역,보통주,유가증권시장,500,3.50,100.00,500,12
206,222,002270,롯데푸드,보통주,유가증권시장,"12,000",3.50,240.00,"5,000",12
207,223,083420,그린케미칼,보통주,유가증권시장,210,3.40,42.00,500,12
208,224,067920,이글루시큐리티,보통주,코스닥시장,160,3.40,32.00,500,12
209,225,002450,삼익악기,보통주,유가증권시장,50,3.40,10.00,500,12
210,211,054930,유신,보통주,코스닥시장,500,3.60,10.00,"5,000",12
211,212,023410,유진기업,보통주,코스닥시장,170,3.57,34.00,500,12
212,213,000240,한국앤컴퍼니,보통주,유가증권시장,500,3.50,100.00,500,12
213,214,009580,무림피앤피,보통주,유가증권시장,125,3.50,5.00,"2,500",12
214,230,002150,도화엔지니어링,보통주,유가증권시장,280,3.38,56.00,500,12
215,231,067010,이씨에스텔레콤,보통주,코스닥시장,100,3.36,20.00,500,03
216,232,001520,동양,보통주,유가증권시장,40,3.34,8.00,500,12
217,233,003030,세아제강지주,보통주,유가증권시장,"1,500",3.30,30.00,"5,000",12
218,234,110790,크리스에프앤씨,보통주,코스닥시장,740,3.30,74.00,"1,000",12
219,235,075130,플랜티넷,보통주,코스닥시장,200,3.30,40.00,500,12
220,236,011560,세보엠이씨,보통주,코스닥시장,200,3.30,40.00,500,12
221,237,025530,에스제이엠홀딩스,보통주,유가증권시장,100,3.30,20.00,500,12
222,238,004150,한솔홀딩스,보통주,유가증권시장,120,3.30,12.00,"1,000",12
223,239,023770,플레이위드,보통주,코스닥시장,300,3.30,60.00,500,12
224,240,002600,조흥,보통주,유가증권시장,"6,000",3.30,120.00,"5,000",12
225,226,093050,LF,보통주,유가증권시장,500,3.40,10.00,"5,000",12
226,227,006360,지에스건설,보통주,유가증권시장,"1,200",3.40,24.00,"5,000",12
227,228,067920,이글루시큐리티,보통주,코스닥시장,160,3.40,32.00,500,12
228,229,002450,삼익악기,보통주,유가증권시장,50,3.40,10.00,500,12
229,245,060380,동양에스텍,보통주,코스닥시장,100,3.20,20.00,500,12
230,246,016450,한세예스24홀딩스,보통주,유가증권시장,250,3.20,50.00,500,12
231,247,192400,쿠쿠홀딩스,보통주,유가증권시장,"3,300",3.20,660.00,500,12
232,248,038390,레드캡투어,보통주,코스닥시장,600,3.20,120.00,500,12
233,249,004780,대륙제관,보통주,코스닥시장,150,3.20,30.00,500,12
234,250,234080,제이더블유생명과학,보통주,유가증권시장,500,3.19,20.00,"2,500",12
235,251,004910,조광페인트,보통주,유가증권시장,200,3.12,40.00,500,12
236,252,058860,케이티아이에스,보통주,유가증권시장,80,3.12,16.00,500,12
237,253,036640,에이치알에스,보통주,코스닥시장,150,3.10,30.00,500,12
238,254,001200,유진투자증권,보통주,유가증권시장,120,3.10,2.40,"5,000",12
239,255,000145,하이트진로홀딩스1우,우선주,유가증권시장,450,3.10,9.00,"5,000",12
240,241,004150,한솔홀딩스,보통주,유가증권시장,120,3.30,12.00,"1,000",12
241,242,023770,플레이위드,보통주,코스닥시장,300,3.30,60.00,500,12
242,243,002600,조흥,보통주,유가증권시장,"6,000",3.30,120.00,"5,000",12
243,244,009970,영원무역홀딩스,보통주,유가증권시장,"1,200",3.20,240.00,500,12
244,260,032830,삼성생명보험,보통주,유가증권시장,"2,500",3.10,500.00,500,12
245,261,001200,유진투자증권,보통주,유가증권시장,120,3.10,2.40,"5,000",12
246,262,000145,하이트진로홀딩스1우,우선주,유가증권시장,450,3.10,9.00,"5,000",12
247,263,004450,삼화왕관,보통주,유가증권시장,"1,250",3.09,25.00,"5,000",12
248,264,004080,신흥,보통주,유가증권시장,200,3.02,40.00,500,12
249,265,079550,엘아이지넥스원,보통주,유가증권시장,900,3.00,18.00,"5,000",12
250,266,004590,한국가구,보통주,코스닥시장,135,3.00,135.00,100,12
251,267,011780,금호석유화학,보통주,유가증권시장,"4,200",3.00,84.00,"5,000",12
252,268,003650,미창석유공업,보통주,유가증권시장,"2,100",3.00,42.00,"5,000",12
253,269,003550,LG,보통주,유가증권시장,"2,500",3.00,50.00,"5,000",12
254,270,092130,이크레더블,보통주,코스닥시장,700,3.00,140.00,500,12
255,256,002380,케이씨씨,보통주,유가증권시장,"5,700",3.10,114.00,"5,000",12
256,257,092300,현우산업,보통주,코스닥시장,100,3.10,20.00,500,12
257,258,004250,엔피씨,보통주,유가증권시장,100,3.10,20.00,500,12
258,259,950110,SBI 핀테크솔루션즈,보통주,코스닥시장,193,3.10,0.00,0,03
259,275,100790,미래에셋벤처투자,보통주,코스닥시장,155,3.00,15.50,"1,000",12
260,276,000070,삼양홀딩스,보통주,유가증권시장,"2,250",3.00,45.00,"5,000",12
261,277,004590,한국가구,보통주,코스닥시장,135,3.00,135.00,100,12
262,278,011780,금호석유화학,보통주,유가증권시장,"4,200",3.00,84.00,"5,000",12
263,279,003650,미창석유공업,보통주,유가증권시장,"2,100",3.00,42.00,"5,000",12
264,280,003550,LG,보통주,유가증권시장,"2,500",3.00,50.00,"5,000",12
265,281,092130,이크레더블,보통주,코스닥시장,700,3.00,140.00,500,12
266,282,010240,흥국,보통주,코스닥시장,180,2.98,36.00,500,12
267,283,006220,제주은행,보통주,유가증권시장,100,2.96,2.00,"5,000",12
268,284,014830,유니드,보통주,유가증권시장,"1,400",2.91,28.00,"5,000",12
269,285,230360,에코마케팅,보통주,코스닥시장,930,2.90,930.00,100,12
270,271,010400,우진아이엔에스,보통주,유가증권시장,250,3.00,50.00,500,12
271,272,001560,제일연마공업,보통주,유가증권시장,220,3.00,44.00,500,12
272,273,104700,한국철강,보통주,유가증권시장,200,3.00,20.00,"1,000",12
273,289,058430,포스코강판,보통주,유가증권시장,500,2.90,10.00,"5,000",12
274,290,090150,광진윈텍,보통주,코스닥시장,120,2.90,24.00,500,12
275,291,083930,아바코,보통주,코스닥시장,300,2.90,60.00,500,12
276,292,037330,인지디스플레이,보통주,코스닥시장,100,2.90,20.00,500,12
277,293,004990,롯데지주,보통주,유가증권시장,"1,000",2.90,500.00,200,12
278,294,058650,세아홀딩스,보통주,유가증권시장,"2,250",2.90,45.00,"5,000",12
279,295,018880,한온시스템,보통주,유가증권시장,320,2.90,320.00,100,12
280,296,347890,엠투아이코퍼레이션,보통주,코스닥시장,500,2.90,500.00,100,12
281,297,089970,에이피티씨,보통주,코스닥시장,500,2.90,500.00,100,12
282,298,012750,에스원,보통주,유가증권시장,"2,500",2.90,500.00,500,12
283,299,053690,한미글로벌건축사사무소,보통주,유가증권시장,300,2.90,60.00,500,12
284,300,009410,태영건설,보통주,유가증권시장,325,2.87,65.00,500,12
285,286,348950,제이알글로벌위탁관리부동산투자회사,보통주,유가증권시장,153,2.90,15.30,"1,000",12
286,287,005180,빙그레,보통주,유가증권시장,"1,600",2.90,32.00,"5,000",12
287,288,053260,금강철강,보통주,코스닥시장,100,2.90,20.00,500,12
288,289,058430,포스코강판,보통주,유가증권시장,500,2.90,10.00,"5,000",12
289,305,264900,크라운제과(신설),보통주,유가증권시장,250,2.81,125.00,200,12
290,306,214370,케어젠,보통주,코스닥시장,"2,000",2.80,400.00,500,12
291,307,003800,에이스침대,보통주,코스닥시장,"1,100",2.80,110.00,"1,000",12
292,308,023530,롯데쇼핑,보통주,유가증권시장,"2,800",2.80,56.00,"5,000",12
293,309,004365,세방1우,우선주,유가증권시장,195,2.80,39.00,500,12
294,310,03473K,SK1우,우선주,유가증권시장,"7,050",2.80,"3,525.00",200,12
295,311,052330,코텍,보통주,코스닥시장,250,2.80,50.00,500,12
296,312,005500,삼진제약,보통주,유가증권시장,800,2.80,80.00,"1,000",12
297,313,004000,롯데정밀화학,보통주,유가증권시장,"1,500",2.80,30.00,"5,000",12
298,314,105630,한세실업,보통주,유가증권시장,500,2.80,100.00,500,12
299,315,084695,대상홀딩스1우,우선주,유가증권시장,230,2.80,23.00,"1,000",12
300,301,044450,케이에스에스해운,보통주,유가증권시장,300,2.87,60.00,500,12
301,302,307930,컴퍼니케이파트너스,보통주,코스닥시장,190,2.87,38.00,500,12
302,303,005725,넥센1우,우선주,유가증권시장,90,2.82,18.00,500,12
303,304,043650,국순당,보통주,코스닥시장,160,2.82,32.00,500,12
304,320,000500,가온전선,보통주,유가증권시장,600,2.74,12.00,"5,000",12
305,321,054540,삼영엠텍,보통주,코스닥시장,150,2.73,30.00,500,12
306,322,005010,휴스틸,보통주,유가증권시장,200,2.70,4.00,"5,000",12
307,323,290120,대유에이피,보통주,코스닥시장,200,2.70,40.00,500,12
308,324,011370,서한,보통주,코스닥시장,40,2.70,8.00,500,12
309,325,072710,농심홀딩스,보통주,유가증권시장,"2,000",2.70,40.00,"5,000",12
310,326,032080,아즈텍더블유비이,보통주,코스닥시장,50,2.70,10.00,500,12
311,327,051915,LG화학1우,우선주,유가증권시장,"10,050",2.70,201.00,"5,000",12
312,328,057050,현대홈쇼핑,보통주,유가증권시장,"2,200",2.70,44.00,"5,000",12
313,329,006060,화승인더스트리,보통주,유가증권시장,188,2.70,37.60,500,12
314,330,001680,대상,보통주,유가증권시장,700,2.70,70.00,"1,000",12
315,316,005500,삼진제약,보통주,유가증권시장,800,2.80,80.00,"1,000",12
316,317,004000,롯데정밀화학,보통주,유가증권시장,"1,500",2.80,30.00,"5,000",12
317,318,105630,한세실업,보통주,유가증권시장,500,2.80,100.00,500,12
318,319,084695,대상홀딩스1우,우선주,유가증권시장,230,2.80,23.00,"1,000",12
319,335,005680,삼영전자공업,보통주,유가증권시장,250,2.65,50.00,500,12
320,336,357250,미래에셋맵스제1호위탁관리부동산투자회사,보통주,유가증권시장,132,2.65,13.20,"1,000",11
321,337,000430,대원강업,보통주,유가증권시장,100,2.64,20.00,500,12
322,338,109860,동일금속,보통주,코스닥시장,300,2.62,60.00,500,12
323,339,225220,제놀루션,보통주,코스닥시장,700,2.62,140.00,500,12
324,340,023810,인팩,보통주,유가증권시장,150,2.60,30.00,500,12
325,341,034950,한국기업평가,보통주,코스닥시장,"2,907",2.60,58.14,"5,000",12
326,342,002200,한국수출포장공업,보통주,유가증권시장,600,2.60,12.00,"5,000",12
327,343,353200,대덕전자,보통주,유가증권시장,300,2.60,60.00,500,12
328,344,007070,지에스리테일,보통주,유가증권시장,900,2.60,90.00,"1,000",12
329,345,000140,하이트진로홀딩스,보통주,유가증권시장,400,2.60,8.00,"5,000",12
330,331,057050,현대홈쇼핑,보통주,유가증권시장,"2,200",2.70,44.00,"5,000",12
331,332,006060,화승인더스트리,보통주,유가증권시장,188,2.70,37.60,500,12
332,333,001680,대상,보통주,유가증권시장,700,2.70,70.00,"1,000",12
333,349,034950,한국기업평가,보통주,코스닥시장,"2,907",2.60,58.14,"5,000",12
334,350,002200,한국수출포장공업,보통주,유가증권시장,600,2.60,12.00,"5,000",12
335,351,353200,대덕전자,보통주,유가증권시장,300,2.60,60.00,500,12
336,352,007070,지에스리테일,보통주,유가증권시장,900,2.60,90.00,"1,000",12
337,353,000140,하이트진로홀딩스,보통주,유가증권시장,400,2.60,8.00,"5,000",12
338,354,350520,이지스레지던스위탁관리부동산투자회사,보통주,유가증권시장,130,2.58,13.00,"1,000",12
339,355,000880,한화,보통주,유가증권시장,700,2.57,14.00,"5,000",12
340,356,009415,태영건설1우,우선주,유가증권시장,330,2.56,66.00,500,12
341,357,015230,대창단조,보통주,유가증권시장,180,2.55,18.00,"1,000",12
342,358,000325,노루홀딩스1우,우선주,유가증권시장,455,2.55,91.00,500,12
343,359,031980,피에스케이홀딩스,보통주,코스닥시장,200,2.52,40.00,500,12
344,360,008870,금비,보통주,유가증권시장,"1,300",2.50,26.00,"5,000",09
345,346,007680,대원,보통주,코스닥시장,250,2.60,50.00,500,12
346,347,053050,지에스이,보통주,코스닥시장,40,2.60,8.00,500,12
347,348,131180,딜리,보통주,코스닥시장,40,2.60,40.00,100,12
348,349,034950,한국기업평가,보통주,코스닥시장,"2,907",2.60,58.14,"5,000",12
349,365,001740,SK네트웍스,보통주,유가증권시장,120,2.50,4.80,"2,500",12
350,366,019680,대교,보통주,유가증권시장,100,2.50,20.00,500,12
351,367,006880,신송홀딩스,보통주,유가증권시장,100,2.50,20.00,500,12
352,368,005820,원림,보통주,유가증권시장,500,2.50,10.00,"5,000",12
353,369,000215,디엘1우,우선주,유가증권시장,"1,350",2.50,27.00,"5,000",12
354,370,037460,삼지전자,보통주,코스닥시장,300,2.50,60.00,500,12
355,371,056190,에스에프에이,보통주,코스닥시장,950,2.50,190.00,500,12
356,372,085620,미래에셋생명보험,보통주,유가증권시장,100,2.50,2.00,"5,000",12
357,373,108320,LX세미콘,보통주,코스닥시장,"1,350",2.50,270.00,500,12
358,374,009160,심팩,보통주,유가증권시장,60,2.50,12.00,500,12
359,375,008730,율촌화학,보통주,유가증권시장,500,2.50,100.00,500,12
360,361,277410,인산가,보통주,코스닥시장,50,2.50,50.00,100,12
361,362,066575,LG전자1우,우선주,유가증권시장,"1,250",2.50,25.00,"5,000",12
362,363,120110,코오롱인더스트리,보통주,유가증권시장,"1,000",2.50,20.00,"5,000",12
363,364,005300,롯데칠성음료,보통주,유가증권시장,"2,700",2.50,540.00,500,12
364,380,004960,한신공영,보통주,유가증권시장,400,2.48,8.00,"5,000",12
365,381,039490,키움증권,보통주,유가증권시장,"3,000",2.40,60.00,"5,000",12
366,382,071320,한국지역난방공사,보통주,유가증권시장,965,2.40,19.30,"5,000",12
367,383,075970,동국알앤에스,보통주,코스닥시장,80,2.40,8.00,"1,000",12
368,384,042700,한미반도체,보통주,유가증권시장,400,2.40,200.00,200,12
369,385,294870,에이치디씨현대산업개발,보통주,유가증권시장,600,2.40,12.00,"5,000",12
370,386,26490K,크라운제과(신설)1우,우선주,유가증권시장,252,2.40,126.00,200,12
371,387,089600,나스미디어,보통주,코스닥시장,800,2.40,160.00,500,12
372,388,016740,두올,보통주,유가증권시장,80,2.40,3.20,"2,500",12
373,389,075180,새론오토모티브,보통주,유가증권시장,150,2.40,30.00,500,12
374,390,101530,해태제과식품,보통주,유가증권시장,200,2.40,40.00,500,12
375,376,085620,미래에셋생명보험,보통주,유가증권시장,100,2.50,2.00,"5,000",12
376,377,108320,LX세미콘,보통주,코스닥시장,"1,350",2.50,270.00,500,12
377,378,009160,심팩,보통주,유가증권시장,60,2.50,12.00,500,12
378,379,008730,율촌화학,보통주,유가증권시장,500,2.50,100.00,500,12
379,395,089600,나스미디어,보통주,코스닥시장,800,2.40,160.00,500,12
380,396,016740,두올,보통주,유가증권시장,80,2.40,3.20,"2,500",12
381,397,075180,새론오토모티브,보통주,유가증권시장,150,2.40,30.00,500,12
382,398,101530,해태제과식품,보통주,유가증권시장,200,2.40,40.00,500,12
383,399,005440,현대그린푸드,보통주,유가증권시장,210,2.39,42.00,500,12
384,400,091700,파트론,보통주,코스닥시장,250,2.39,50.00,500,12
385,401,003010,혜인,보통주,유가증권시장,120,2.35,24.00,500,12
386,402,002020,코오롱,보통주,유가증권시장,500,2.31,10.00,"5,000",12
387,403,023590,다우기술,보통주,유가증권시장,500,2.30,100.00,500,12
388,404,012630,에이치디씨,보통주,유가증권시장,250,2.30,5.00,"5,000",12
389,405,039420,케이엘넷,보통주,코스닥시장,60,2.30,12.00,500,12
390,391,075970,동국알앤에스,보통주,코스닥시장,80,2.40,8.00,"1,000",12
391,392,042700,한미반도체,보통주,유가증권시장,400,2.40,200.00,200,12
392,393,294870,에이치디씨현대산업개발,보통주,유가증권시장,600,2.40,12.00,"5,000",12
393,394,26490K,크라운제과(신설)1우,우선주,유가증권시장,252,2.40,126.00,200,12
394,410,001040,씨제이,보통주,유가증권시장,"2,000",2.30,40.00,"5,000",12
395,411,004540,깨끗한나라,보통주,유가증권시장,100,2.30,10.00,"1,000",12
396,412,104460,디와이피엔에프,보통주,코스닥시장,420,2.30,84.00,500,12
397,413,075580,세진중공업,보통주,유가증권시장,150,2.30,30.00,500,12
398,414,015710,코콤,보통주,코스닥시장,155,2.30,31.00,500,12
399,415,005950,이수화학,보통주,유가증권시장,300,2.30,6.00,"5,000",12
400,416,003160,디아이,보통주,유가증권시장,100,2.30,20.00,500,12
401,417,114630,폴라리스우노,보통주,코스닥시장,100,2.30,20.00,500,12
402,418,013570,디와이,보통주,유가증권시장,100,2.30,20.00,500,12
403,419,012630,에이치디씨,보통주,유가증권시장,250,2.30,5.00,"5,000",12
404,420,039420,케이엘넷,보통주,코스닥시장,60,2.30,12.00,500,12
405,406,000850,화천기공,보통주,유가증권시장,750,2.30,15.00,"5,000",12
406,407,143240,사람인에이치알,보통주,코스닥시장,600,2.30,120.00,500,12
407,408,100220,비상교육,보통주,유가증권시장,150,2.30,30.00,500,12
408,409,024120,KB오토시스,보통주,코스닥시장,170,2.30,34.00,500,12
409,425,002030,아세아,보통주,유가증권시장,"2,000",2.26,40.00,"5,000",12
410,426,013580,계룡건설산업,보통주,유가증권시장,600,2.24,12.00,"5,000",12
411,427,008470,부스타,보통주,코스닥시장,120,2.23,24.00,500,12
412,428,049430,코메론,보통주,코스닥시장,200,2.23,40.00,500,12
413,429,009180,한솔로지스틱스,보통주,유가증권시장,50,2.23,10.00,500,12
414,430,000910,유니온,보통주,유가증권시장,125,2.20,25.00,500,12
415,431,021320,케이씨씨건설,보통주,코스닥시장,180,2.20,3.60,"5,000",12
416,432,011700,한신기계공업,보통주,유가증권시장,35,2.20,7.00,500,12
417,433,005710,대원산업,보통주,코스닥시장,125,2.20,25.00,500,12
418,434,111110,호전실업,보통주,유가증권시장,200,2.20,40.00,500,12
419,435,007690,국도화학,보통주,유가증권시장,"1,200",2.20,24.00,"5,000",12
420,421,039420,케이엘넷,보통주,코스닥시장,60,2.30,12.00,500,12
421,422,037710,광주신세계,보통주,유가증권시장,"3,500",2.28,70.00,"5,000",12
422,423,024950,삼천리자전거,보통주,코스닥시장,200,2.28,40.00,500,12
423,424,044340,위닉스,보통주,코스닥시장,500,2.26,100.00,500,12
424,440,067730,로지시스,보통주,코스닥시장,100,2.20,20.00,500,12
425,441,043370,피에이치에이,보통주,코스닥시장,180,2.20,36.00,500,12
426,442,023460,씨앤에이치,보통주,코스닥시장,50,2.20,2.00,"2,500",12
427,443,054090,삼진엘앤디,보통주,코스닥시장,75,2.20,15.00,500,12
428,444,021320,케이씨씨건설,보통주,코스닥시장,180,2.20,3.60,"5,000",12
429,445,011700,한신기계공업,보통주,유가증권시장,35,2.20,7.00,500,12
430,446,005710,대원산업,보통주,코스닥시장,125,2.20,25.00,500,12
431,447,111110,호전실업,보통주,유가증권시장,200,2.20,40.00,500,12
432,448,007690,국도화학,보통주,유가증권시장,"1,200",2.20,24.00,"5,000",12
433,449,012450,한화에어로스페이스,보통주,유가증권시장,600,2.15,12.00,"5,000",12
434,450,002290,삼일기업공사,보통주,코스닥시장,100,2.10,20.00,500,12
435,436,066670,디스플레이테크,보통주,코스닥시장,80,2.20,16.00,500,12
436,437,136540,윈스,보통주,코스닥시장,400,2.20,80.00,500,12
437,438,037070,파세코,보통주,코스닥시장,300,2.20,60.00,500,12
438,439,027410,비지에프,보통주,유가증권시장,110,2.20,11.00,"1,000",12
439,455,008250,이건산업,보통주,유가증권시장,200,2.10,4.00,"5,000",12
440,456,145990,삼양사,보통주,유가증권시장,"1,250",2.10,25.00,"5,000",12
441,457,002100,경농,보통주,유가증권시장,250,2.10,50.00,500,12
442,458,016090,대현,보통주,유가증권시장,40,2.10,8.00,500,12
443,459,090355,노루페인트1우,우선주,유가증권시장,280,2.10,56.00,500,12
444,460,024060,흥구석유,보통주,코스닥시장,150,2.10,150.00,100,12
445,461,014790,한라,보통주,유가증권시장,100,2.10,2.00,"5,000",12
446,462,130580,나이스디앤비,보통주,코스닥시장,200,2.10,40.00,500,12
447,463,126560,현대퓨처넷,보통주,유가증권시장,80,2.10,16.00,500,12
448,464,121440,골프존뉴딘홀딩스,보통주,코스닥시장,117,2.10,23.40,500,12
449,465,006800,미래에셋증권,보통주,유가증권시장,200,2.10,4.00,"5,000",12
450,451,026960,동서,보통주,유가증권시장,700,2.10,140.00,500,12
451,452,001940,KISCO홀딩스,보통주,유가증권시장,300,2.10,30.00,"1,000",12
452,453,195870,해성디에스,보통주,유가증권시장,450,2.10,9.00,"5,000",12
453,454,033920,무학,보통주,유가증권시장,150,2.10,75.00,200,12
454,470,049960,쎌바이오텍,보통주,코스닥시장,450,2.07,90.00,500,12
455,471,01781K,풀무원1우,우선주,기타비상장,347,2.05,69.40,500,12
456,472,293580,나우아이비캐피탈,보통주,코스닥시장,150,2.05,3.00,"5,000",12
457,473,036670,케이씨아이,보통주,코스닥시장,200,2.02,40.00,500,12
458,474,293480,하나제약,보통주,유가증권시장,510,2.00,102.00,500,12
459,475,119860,다나와,보통주,코스닥시장,600,2.00,120.00,500,12
460,476,093520,매커스,보통주,코스닥시장,100,2.00,20.00,500,12
461,477,067570,엔브이에이치코리아,보통주,코스닥시장,75,2.00,15.00,500,12
462,478,035150,백산,보통주,유가증권시장,100,2.00,20.00,500,12
463,479,014440,영보화학,보통주,유가증권시장,75,2.00,15.00,500,12
464,480,006260,LS,보통주,유가증권시장,"1,450",2.00,29.00,"5,000",12
465,466,006800,미래에셋증권,보통주,유가증권시장,200,2.10,4.00,"5,000",12
466,467,004980,성신양회,보통주,유가증권시장,150,2.09,3.00,"5,000",12
467,468,011500,한농화성,보통주,유가증권시장,180,2.07,36.00,500,12
468,469,003070,코오롱글로벌,보통주,유가증권시장,400,2.07,8.00,"5,000",12
469,485,035510,신세계아이앤씨,보통주,유가증권시장,"2,500",2.00,50.00,"5,000",12
470,486,214180,민앤지,보통주,코스닥시장,340,2.00,68.00,500,12
471,487,119860,다나와,보통주,코스닥시장,600,2.00,120.00,500,12
472,488,093520,매커스,보통주,코스닥시장,100,2.00,20.00,500,12
473,489,067570,엔브이에이치코리아,보통주,코스닥시장,75,2.00,15.00,500,12
474,490,035150,백산,보통주,유가증권시장,100,2.00,20.00,500,12
475,491,014440,영보화학,보통주,유가증권시장,75,2.00,15.00,500,12
476,492,006260,LS,보통주,유가증권시장,"1,450",2.00,29.00,"5,000",12
477,493,010780,아이에스동서,보통주,유가증권시장,"1,000",1.99,200.00,500,12
478,494,002170,삼양통상,보통주,유가증권시장,"1,250",1.99,25.00,"5,000",12
479,495,049770,동원에프앤비,보통주,유가증권시장,"3,500",1.97,70.00,"5,000",12
480,481,014825,동원시스템즈1우,우선주,유가증권시장,650,2.00,13.00,"5,000",12
481,482,178920,피아이첨단소재,보통주,코스닥시장,711,2.00,142.20,500,12
482,483,064820,케이프,보통주,코스닥시장,100,2.00,20.00,500,12
483,484,040910,아이씨디,보통주,코스닥시장,350,2.00,70.00,500,12
484,500,001430,세아베스틸,보통주,유가증권시장,200,1.91,4.00,"5,000",12
485,501,006125,에스케이디스커버리1우,우선주,유가증권시장,"1,050",1.90,21.00,"5,000",12
486,502,002310,아세아제지,보통주,유가증권시장,700,1.90,14.00,"5,000",12
487,503,210540,디와이파워,보통주,유가증권시장,220,1.90,44.00,500,12
488,504,103590,일진전기,보통주,유가증권시장,60,1.90,6.00,"1,000",12
489,505,038500,삼표시멘트,보통주,코스닥시장,75,1.90,15.00,500,12
490,506,000670,영풍,보통주,유가증권시장,"10,000",1.90,200.00,"5,000",12
491,507,053080,원방테크,보통주,코스닥시장,930,1.90,186.00,500,12
492,508,263600,덕우전자,보통주,코스닥시장,140,1.90,28.00,500,12
493,509,049800,우진플라임,보통주,유가증권시장,100,1.90,20.00,500,12
494,510,015350,부산도시가스,보통주,유가증권시장,"1,000",1.90,20.00,"5,000",12
495,496,032190,다우데이타,보통주,코스닥시장,250,1.97,50.00,500,12
496,497,008260,엔아이스틸,보통주,유가증권시장,50,1.97,10.00,500,12
497,498,054050,농업회사법인농우바이오,보통주,코스닥시장,200,1.95,40.00,500,12
498,514,000670,영풍,보통주,유가증권시장,"10,000",1.90,200.00,"5,000",12
499,515,053080,원방테크,보통주,코스닥시장,930,1.90,186.00,500,12
500,516,263600,덕우전자,보통주,코스닥시장,140,1.90,28.00,500,12
501,517,049800,우진플라임,보통주,유가증권시장,100,1.90,20.00,500,12
502,518,015350,부산도시가스,보통주,유가증권시장,"1,000",1.90,20.00,"5,000",12
503,519,053270,구영테크,보통주,코스닥시장,30,1.87,6.00,500,12
504,520,088130,동아엘텍,보통주,코스닥시장,150,1.87,30.00,500,12
505,521,001880,디엘건설,보통주,유가증권시장,550,1.87,11.00,"5,000",12
506,522,003200,일신방직,보통주,유가증권시장,"1,500",1.86,30.00,"5,000",12
507,523,005720,넥센,보통주,유가증권시장,85,1.85,17.00,500,12
508,524,192440,슈피겐코리아,보통주,코스닥시장,"1,200",1.85,240.00,500,12
509,525,066620,국보디자인,보통주,코스닥시장,320,1.84,64.00,500,12
510,511,210540,디와이파워,보통주,유가증권시장,220,1.90,44.00,500,12
511,512,103590,일진전기,보통주,유가증권시장,60,1.90,6.00,"1,000",12
512,513,038500,삼표시멘트,보통주,코스닥시장,75,1.90,15.00,500,12
513,514,000670,영풍,보통주,유가증권시장,"10,000",1.90,200.00,"5,000",12
514,530,010050,우리종합금융,보통주,유가증권시장,10,1.80,2.00,500,12
515,531,00499K,롯데지주1우,우선주,유가증권시장,"1,050",1.80,525.00,200,12
516,532,160980,싸이맥스,보통주,코스닥시장,350,1.80,70.00,500,12
517,533,037760,쎄니트,보통주,코스닥시장,30,1.80,6.00,500,12
518,534,032750,삼진,보통주,코스닥시장,200,1.80,40.00,500,12
519,535,241790,오션브릿지,보통주,코스닥시장,320,1.80,64.00,500,12
520,536,009200,무림페이퍼,보통주,유가증권시장,50,1.80,2.00,"2,500",12
521,537,151860,케이지이티에스,보통주,코스닥시장,110,1.80,22.00,500,12
522,538,015860,일진홀딩스,보통주,유가증권시장,100,1.80,10.00,"1,000",12
523,539,003610,방림,보통주,유가증권시장,35,1.80,7.00,500,09
524,540,286940,롯데정보통신,보통주,유가증권시장,700,1.80,14.00,"5,000",12
525,526,264850,이랜시스,보통주,코스닥시장,40,1.81,40.00,100,12
526,527,094970,제이엠티,보통주,코스닥시장,50,1.80,10.00,500,12
527,528,002240,고려제강,보통주,유가증권시장,300,1.80,30.00,"1,000",12
528,529,268280,미원스페셜티케미칼(신설),보통주,유가증권시장,"1,700",1.80,340.00,500,12
529,545,003610,방림,보통주,유가증권시장,35,1.80,7.00,500,09
530,546,286940,롯데정보통신,보통주,유가증권시장,700,1.80,14.00,"5,000",12
531,547,016580,환인제약,보통주,유가증권시장,300,1.78,60.00,500,12
532,548,004985,성신양회1우,우선주,유가증권시장,200,1.75,4.00,"5,000",12
533,549,183190,아세아시멘트,보통주,유가증권시장,"1,250",1.73,25.00,"5,000",12
534,550,045520,크린앤사이언스,보통주,코스닥시장,500,1.73,100.00,500,12
535,551,002350,넥센타이어,보통주,유가증권시장,105,1.72,21.00,500,12
536,552,200670,휴메딕스,보통주,코스닥시장,400,1.71,80.00,500,12
537,553,000885,한화1우,우선주,유가증권시장,750,1.71,15.00,"5,000",12
538,554,001540,안국약품,보통주,코스닥시장,220,1.70,44.00,500,12
539,555,001390,케이지케미칼,보통주,유가증권시장,400,1.70,8.00,"5,000",12
540,541,241790,오션브릿지,보통주,코스닥시장,320,1.80,64.00,500,12
541,542,009200,무림페이퍼,보통주,유가증권시장,50,1.80,2.00,"2,500",12
542,543,151860,케이지이티에스,보통주,코스닥시장,110,1.80,22.00,500,12
543,544,015860,일진홀딩스,보통주,유가증권시장,100,1.80,10.00,"1,000",12
544,560,002995,금호건설1우,우선주,유가증권시장,550,1.70,11.00,"5,000",12
545,561,290740,액트로,보통주,코스닥시장,200,1.70,40.00,500,12
546,562,282330,비지에프리테일(신설),보통주,유가증권시장,"2,400",1.70,240.00,"1,000",12
547,563,224810,엄지하우스,보통주,코넥스시장,70,1.70,14.00,500,12
548,564,021240,코웨이주식회사,보통주,유가증권시장,"1,200",1.70,240.00,500,12
549,565,017510,세명전기공업,보통주,코스닥시장,70,1.70,14.00,500,12
550,566,028260,삼성물산,보통주,유가증권시장,"2,300",1.70,"2,300.00",100,12
551,567,019010,베뉴지,보통주,코스닥시장,30,1.70,6.00,500,12
552,568,155650,와이엠씨,보통주,코스닥시장,150,1.70,30.00,500,12
553,569,112040,위메이드,보통주,코스닥시장,600,1.70,120.00,500,12
554,570,001390,케이지케미칼,보통주,유가증권시장,400,1.70,8.00,"5,000",12
555,556,026940,부국철강,보통주,유가증권시장,75,1.70,15.00,500,12
556,557,050860,아세아텍,보통주,코스닥시장,50,1.70,10.00,500,06
557,558,012160,영흥,보통주,유가증권시장,20,1.70,4.00,500,12
558,574,005990,매일홀딩스,보통주,코스닥시장,140,1.67,28.00,500,12
559,575,006840,에이케이홀딩스,보통주,유가증권시장,400,1.63,8.00,"5,000",12
560,576,052690,한국전력기술,보통주,유가증권시장,282,1.62,141.00,200,12
561,577,004090,한국석유공업,보통주,유가증권시장,"1,600",1.60,32.00,500,12
562,578,019210,와이지-원,보통주,코스닥시장,100,1.60,20.00,500,12
563,579,000270,기아,보통주,유가증권시장,"1,000",1.60,20.00,"5,000",12
564,580,122990,와이솔,보통주,코스닥시장,250,1.60,50.00,500,12
565,581,111770,영원무역,보통주,유가증권시장,500,1.60,100.00,500,12
566,582,051905,LG생활건강1우,우선주,유가증권시장,"11,050",1.60,221.00,"5,000",12
567,583,036800,나이스정보통신,보통주,코스닥시장,460,1.60,92.00,500,12
568,584,025820,이구산업,보통주,유가증권시장,30,1.60,6.00,500,12
569,585,054800,아이디스홀딩스,보통주,코스닥시장,200,1.60,40.00,500,12
570,571,112040,위메이드,보통주,코스닥시장,600,1.70,120.00,500,12
571,572,001390,케이지케미칼,보통주,유가증권시장,400,1.70,8.00,"5,000",12
572,573,083500,에프엔에스테크,보통주,코스닥시장,200,1.68,40.00,500,12
573,574,005990,매일홀딩스,보통주,코스닥시장,140,1.67,28.00,500,12
574,590,000225,유유제약1우,우선주,유가증권시장,220,1.60,22.00,"1,000",12
575,591,280360,롯데제과(신설),보통주,유가증권시장,"1,600",1.60,320.00,500,12
576,592,056700,신화인터텍,보통주,코스닥시장,50,1.60,10.00,500,12
577,593,019210,와이지-원,보통주,코스닥시장,100,1.60,20.00,500,12
578,594,000270,기아,보통주,유가증권시장,"1,000",1.60,20.00,"5,000",12
579,595,122990,와이솔,보통주,코스닥시장,250,1.60,50.00,500,12
580,596,111770,영원무역,보통주,유가증권시장,500,1.60,100.00,500,12
581,597,051905,LG생활건강1우,우선주,유가증권시장,"11,050",1.60,221.00,"5,000",12
582,598,036800,나이스정보통신,보통주,코스닥시장,460,1.60,92.00,500,12
583,599,025820,이구산업,보통주,유가증권시장,30,1.60,6.00,500,12
584,600,054800,아이디스홀딩스,보통주,코스닥시장,200,1.60,40.00,500,12
585,586,003310,대주산업,보통주,코스닥시장,35,1.60,7.00,500,12
586,587,006090,사조오양,보통주,유가증권시장,150,1.60,3.00,"5,000",12
587,588,005380,현대자동차,보통주,유가증권시장,"3,000",1.60,60.00,"5,000",12
588,589,000720,현대건설,보통주,유가증권시장,600,1.60,12.00,"5,000",12
589,605,048830,엔피케이,보통주,코스닥시장,30,1.57,6.00,500,12
590,606,005610,에스피씨삼립,보통주,유가증권시장,"1,104",1.56,22.08,"5,000",12
591,607,092460,한라아이엠에스,보통주,코스닥시장,100,1.56,20.00,500,12
592,608,284740,쿠쿠홈시스,보통주,유가증권시장,600,1.55,600.00,100,12
593,609,096760,제이더블유홀딩스,보통주,유가증권시장,90,1.53,18.00,500,12
594,610,123700,에스제이엠,보통주,유가증권시장,50,1.52,10.00,500,12
595,611,138070,신진에스엠,보통주,코스닥시장,70,1.51,14.00,500,12
596,612,000210,디엘,보통주,유가증권시장,"1,300",1.50,26.00,"5,000",12
597,613,010420,한솔PNS,보통주,유가증권시장,25,1.50,5.00,500,12
598,614,034310,NICE홀딩스,보통주,유가증권시장,270,1.50,54.00,500,12
599,615,012690,모나리자,보통주,유가증권시장,75,1.50,15.00,500,12
600,601,036800,나이스정보통신,보통주,코스닥시장,460,1.60,92.00,500,12
601,602,025820,이구산업,보통주,유가증권시장,30,1.60,6.00,500,12
602,603,054800,아이디스홀딩스,보통주,코스닥시장,200,1.60,40.00,500,12
603,604,094480,갤럭시아머니트리,보통주,코스닥시장,55,1.57,11.00,500,12
604,620,067280,멀티캠퍼스,보통주,코스닥시장,500,1.50,100.00,500,12
605,621,256630,포인트엔지니어링,보통주,코스닥시장,40,1.50,40.00,100,12
606,622,222800,심텍,보통주,코스닥시장,320,1.50,64.00,500,12
607,623,073110,엘엠에스,보통주,코스닥시장,200,1.50,40.00,500,12
608,624,010690,화신,보통주,유가증권시장,50,1.50,10.00,500,12
609,625,010420,한솔PNS,보통주,유가증권시장,25,1.50,5.00,500,12
610,626,034310,NICE홀딩스,보통주,유가증권시장,270,1.50,54.00,500,12
611,627,012690,모나리자,보통주,유가증권시장,75,1.50,15.00,500,12
612,628,100120,뷰웍스,보통주,코스닥시장,450,1.49,90.00,500,12
613,629,102120,어보브반도체,보통주,코스닥시장,240,1.49,48.00,500,12
614,630,008420,문배철강,보통주,유가증권시장,50,1.49,10.00,500,12
615,616,002230,피에스텍,보통주,코스닥시장,75,1.50,15.00,500,12
616,617,032280,삼일,보통주,코스닥시장,30,1.50,3.00,"1,000",12
617,618,006120,에스케이디스커버리,보통주,유가증권시장,"1,000",1.50,20.00,"5,000",12
618,619,001340,백광산업,보통주,유가증권시장,50,1.50,10.00,500,12
619,635,210980,에스케이디앤디,보통주,유가증권시장,600,1.41,60.00,"1,000",12
620,636,001080,만호제강,보통주,유가증권시장,200,1.40,20.00,"1,000",06
621,637,020710,시공테크,보통주,코스닥시장,70,1.40,14.00,500,12
622,638,137950,제이씨케미칼,보통주,코스닥시장,90,1.40,18.00,500,12
623,639,086670,비엠티,보통주,코스닥시장,150,1.40,30.00,500,12
624,640,005250,녹십자홀딩스,보통주,유가증권시장,500,1.40,100.00,500,12
625,641,038620,위즈코프,보통주,코스닥시장,20,1.40,4.00,500,12
626,642,000220,유유제약,보통주,유가증권시장,210,1.40,21.00,"1,000",12
627,643,090435,아모레퍼시픽1우,우선주,유가증권시장,805,1.40,161.00,500,12
628,644,069960,현대백화점,보통주,유가증권시장,"1,000",1.40,20.00,"5,000",12
629,645,005800,신영와코루,보통주,유가증권시장,"1,500",1.40,30.00,"5,000",12
630,631,272210,한화시스템,보통주,유가증권시장,230,1.48,4.60,"5,000",12
631,632,170030,현대공업,보통주,코스닥시장,132,1.44,26.40,500,12
632,633,171090,선익시스템,보통주,코스닥시장,100,1.43,20.00,500,12
633,634,014570,고려제약,보통주,코스닥시장,150,1.41,30.00,500,12
634,635,210980,에스케이디앤디,보통주,유가증권시장,600,1.41,60.00,"1,000",12
635,651,101240,씨큐브,보통주,코스닥시장,100,1.40,20.00,500,12
636,652,020710,시공테크,보통주,코스닥시장,70,1.40,14.00,500,12
637,653,137950,제이씨케미칼,보통주,코스닥시장,90,1.40,18.00,500,12
638,654,086670,비엠티,보통주,코스닥시장,150,1.40,30.00,500,12
639,655,005250,녹십자홀딩스,보통주,유가증권시장,500,1.40,100.00,500,12
640,656,038620,위즈코프,보통주,코스닥시장,20,1.40,4.00,500,12
641,657,000220,유유제약,보통주,유가증권시장,210,1.40,21.00,"1,000",12
642,658,090435,아모레퍼시픽1우,우선주,유가증권시장,805,1.40,161.00,500,12
643,659,069960,현대백화점,보통주,유가증권시장,"1,000",1.40,20.00,"5,000",12
644,660,005800,신영와코루,보통주,유가증권시장,"1,500",1.40,30.00,"5,000",12
645,646,014620,성광벤드,보통주,코스닥시장,100,1.40,20.00,500,12
646,647,011170,롯데케미칼,보통주,유가증권시장,"3,600",1.40,72.00,"5,000",12
647,648,006890,태경케미컬,보통주,유가증권시장,200,1.40,40.00,500,12
648,649,006140,피제이전자,보통주,코스닥시장,100,1.40,20.00,500,12
649,665,119610,인터로조,보통주,코스닥시장,300,1.37,60.00,500,12
650,666,017960,한국카본,보통주,유가증권시장,180,1.35,36.00,500,12
651,667,041650,상신브레이크,보통주,유가증권시장,50,1.35,10.00,500,12
652,668,013360,일성건설,보통주,유가증권시장,15,1.34,3.00,500,12
653,669,139480,이마트,보통주,유가증권시장,"2,000",1.33,40.00,"5,000",12
654,670,001525,동양1우,우선주,유가증권시장,90,1.31,18.00,500,12
655,671,079430,현대리바트,보통주,유가증권시장,200,1.31,20.00,"1,000",12
656,672,001130,대한제분,보통주,유가증권시장,"2,000",1.30,40.00,"5,000",12
657,673,004380,삼익THK,보통주,유가증권시장,150,1.30,30.00,500,12
658,674,048260,오스템임플란트,보통주,코스닥시장,630,1.30,126.00,500,12
659,675,004370,농심,보통주,유가증권시장,"4,000",1.30,80.00,"5,000",12
660,661,069960,현대백화점,보통주,유가증권시장,"1,000",1.40,20.00,"5,000",12
661,662,005800,신영와코루,보통주,유가증권시장,"1,500",1.40,30.00,"5,000",12
662,663,006650,대한유화,보통주,유가증권시장,"3,000",1.37,60.00,"5,000",12
663,664,009070,케이씨티시,보통주,유가증권시장,50,1.37,10.00,500,12
664,665,119610,인터로조,보통주,코스닥시장,300,1.37,60.00,500,12
665,681,007370,진양제약,보통주,코스닥시장,100,1.30,20.00,500,12
666,682,005360,모나미,보통주,유가증권시장,70,1.30,7.00,"1,000",12
667,683,004020,현대제철,보통주,유가증권시장,500,1.30,10.00,"5,000",12
668,684,334890,이지스밸류플러스위탁관리부동산투자회사,보통주,유가증권시장,60,1.30,6.03,"1,000",08
669,685,189690,포시에스,보통주,코스닥시장,100,1.30,20.00,500,06
670,686,065350,신성델타테크,보통주,코스닥시장,100,1.30,20.00,500,12
671,687,021650,한국큐빅,보통주,코스닥시장,50,1.30,10.00,500,12
672,688,004380,삼익THK,보통주,유가증권시장,150,1.30,30.00,500,12
673,689,048260,오스템임플란트,보통주,코스닥시장,630,1.30,126.00,500,12
674,690,004370,농심,보통주,유가증권시장,"4,000",1.30,80.00,"5,000",12
675,676,002320,한진,보통주,유가증권시장,600,1.30,12.00,"5,000",12
676,677,027360,아주아이비투자,보통주,코스닥시장,50,1.30,10.00,500,12
677,678,018260,삼성에스디에스,보통주,유가증권시장,"2,400",1.30,480.00,500,12
678,679,009240,한샘,보통주,유가증권시장,"1,300",1.30,130.00,"1,000",12
679,695,065350,신성델타테크,보통주,코스닥시장,100,1.30,20.00,500,12
680,696,021650,한국큐빅,보통주,코스닥시장,50,1.30,10.00,500,12
681,697,004380,삼익THK,보통주,유가증권시장,150,1.30,30.00,500,12
682,698,048260,오스템임플란트,보통주,코스닥시장,630,1.30,126.00,500,12
683,699,004370,농심,보통주,유가증권시장,"4,000",1.30,80.00,"5,000",12
684,700,003075,코오롱글로벌1우,우선주,유가증권시장,450,1.28,9.00,"5,000",12
685,701,073560,우리손에프앤지농업회사법인,보통주,코스닥시장,25,1.26,5.00,500,12
686,702,001510,SK증권,보통주,유가증권시장,10,1.26,2.00,500,12
687,703,213090,미래테크놀로지,보통주,코스닥시장,100,1.25,20.00,500,12
688,704,123570,이엠넷,보통주,코스닥시장,50,1.24,10.00,500,12
689,705,035810,이지홀딩스,보통주,코스닥시장,50,1.24,10.00,500,12
690,691,005360,모나미,보통주,유가증권시장,70,1.30,7.00,"1,000",12
691,692,004020,현대제철,보통주,유가증권시장,500,1.30,10.00,"5,000",12
692,693,334890,이지스밸류플러스위탁관리부동산투자회사,보통주,유가증권시장,60,1.30,6.03,"1,000",08
693,694,189690,포시에스,보통주,코스닥시장,100,1.30,20.00,500,06
694,695,065350,신성델타테크,보통주,코스닥시장,100,1.30,20.00,500,12
695,711,000490,대동,보통주,유가증권시장,80,1.20,8.00,"1,000",12
696,712,053800,안랩,보통주,코스닥시장,900,1.20,180.00,500,12
697,713,044820,코스맥스비티아이,보통주,유가증권시장,200,1.20,40.00,500,12
698,714,045060,오공,보통주,코스닥시장,60,1.20,12.00,500,12
699,715,042110,에스씨디,보통주,코스닥시장,20,1.20,4.00,500,12
700,716,088350,한화생명보험,보통주,유가증권시장,30,1.20,0.60,"5,000",12
701,717,036490,SK머티리얼즈,보통주,코스닥시장,"4,000",1.20,800.00,500,12
702,718,023910,대한약품공업,보통주,코스닥시장,400,1.20,80.00,500,12
703,719,263690,디알젬,보통주,코스닥시장,200,1.20,40.00,500,12
704,720,030190,나이스평가정보,보통주,코스닥시장,275,1.20,55.00,500,12
705,706,330350,위더스제약,보통주,코스닥시장,253,1.21,126.50,200,12
706,707,063760,이엘피,보통주,코스닥시장,120,1.21,24.00,500,12
707,708,019990,에너토크,보통주,코스닥시장,50,1.21,10.00,500,12
708,709,013520,화승코퍼레이션,보통주,유가증권시장,25,1.20,5.00,500,12
709,725,006580,대양제지공업,보통주,코스닥시장,40,1.20,8.00,500,12
710,726,000490,대동,보통주,유가증권시장,80,1.20,8.00,"1,000",12
711,727,053800,안랩,보통주,코스닥시장,900,1.20,180.00,500,12
712,728,044820,코스맥스비티아이,보통주,유가증권시장,200,1.20,40.00,500,12
713,729,045060,오공,보통주,코스닥시장,60,1.20,12.00,500,12
714,730,042110,에스씨디,보통주,코스닥시장,20,1.20,4.00,500,12
715,731,088350,한화생명보험,보통주,유가증권시장,30,1.20,0.60,"5,000",12
716,732,036490,SK머티리얼즈,보통주,코스닥시장,"4,000",1.20,800.00,500,12
717,733,023910,대한약품공업,보통주,코스닥시장,400,1.20,80.00,500,12
718,734,263690,디알젬,보통주,코스닥시장,200,1.20,40.00,500,12
719,735,030190,나이스평가정보,보통주,코스닥시장,275,1.20,55.00,500,12
720,721,089150,케이씨티,보통주,코스닥시장,60,1.20,12.00,500,12
721,722,051910,LG화학,보통주,유가증권시장,"10,000",1.20,200.00,"5,000",12
722,723,038680,에스넷시스템,보통주,코스닥시장,80,1.20,16.00,500,12
723,739,006580,대양제지공업,보통주,코스닥시장,40,1.20,8.00,500,12
724,740,000490,대동,보통주,유가증권시장,80,1.20,8.00,"1,000",12
725,741,053800,안랩,보통주,코스닥시장,900,1.20,180.00,500,12
726,742,044820,코스맥스비티아이,보통주,유가증권시장,200,1.20,40.00,500,12
727,743,045060,오공,보통주,코스닥시장,60,1.20,12.00,500,12
728,744,042110,에스씨디,보통주,코스닥시장,20,1.20,4.00,500,12
729,745,088350,한화생명보험,보통주,유가증권시장,30,1.20,0.60,"5,000",12
730,746,036490,SK머티리얼즈,보통주,코스닥시장,"4,000",1.20,800.00,500,12
731,747,023910,대한약품공업,보통주,코스닥시장,400,1.20,80.00,500,12
732,748,263690,디알젬,보통주,코스닥시장,200,1.20,40.00,500,12
733,749,030190,나이스평가정보,보통주,코스닥시장,275,1.20,55.00,500,12
734,750,068790,디엠에스,보통주,코스닥시장,100,1.18,20.00,500,12
735,736,051910,LG화학,보통주,유가증권시장,"10,000",1.20,200.00,"5,000",12
736,737,038680,에스넷시스템,보통주,코스닥시장,80,1.20,16.00,500,12
737,738,007700,에프앤에프홀딩스,보통주,유가증권시장,"1,000",1.20,200.00,500,12
738,739,006580,대양제지공업,보통주,코스닥시장,40,1.20,8.00,500,12
739,755,006660,삼성공조,보통주,유가증권시장,80,1.12,16.00,500,12
740,756,064850,에프앤가이드,보통주,코스닥시장,100,1.12,20.00,500,12
741,757,005670,푸드웰,보통주,코스닥시장,85,1.11,17.00,500,12
742,758,001630,종근당홀딩스,보통주,유가증권시장,"1,400",1.10,56.00,"2,500",12
743,759,000390,삼화페인트공업,보통주,유가증권시장,150,1.10,30.00,500,12
744,760,108675,LX하우시스1우,우선주,유가증권시장,350,1.10,7.00,"5,000",12
745,761,058470,리노공업,보통주,코스닥시장,"1,500",1.10,300.00,500,12
746,762,002700,신일전자,보통주,유가증권시장,20,1.10,4.00,500,12
747,763,201490,미투온,보통주,코스닥시장,65,1.10,13.00,500,12
748,764,066570,LG전자,보통주,유가증권시장,"1,200",1.10,24.00,"5,000",12
749,765,065530,와이어블,보통주,코스닥시장,50,1.10,10.00,500,12
750,751,149950,아바텍,보통주,코스닥시장,100,1.18,20.00,500,12
751,752,267980,매일유업,보통주,코스닥시장,800,1.15,160.00,500,12
752,753,005740,크라운해태홀딩스,보통주,유가증권시장,100,1.13,20.00,500,12
753,754,001530,디아이동일,보통주,유가증권시장,"1,500",1.12,30.00,"5,000",12
754,770,089030,테크윙,보통주,코스닥시장,230,1.10,46.00,500,12
755,771,049070,인탑스,보통주,코스닥시장,250,1.10,50.00,500,12
756,772,067160,아프리카티비,보통주,코스닥시장,650,1.10,130.00,500,12
757,773,054950,제이브이엠,보통주,코스닥시장,400,1.10,80.00,500,12
758,774,000390,삼화페인트공업,보통주,유가증권시장,150,1.10,30.00,500,12
759,775,108675,LX하우시스1우,우선주,유가증권시장,350,1.10,7.00,"5,000",12
760,776,058470,리노공업,보통주,코스닥시장,"1,500",1.10,300.00,500,12
761,777,002700,신일전자,보통주,유가증권시장,20,1.10,4.00,500,12
762,778,201490,미투온,보통주,코스닥시장,65,1.10,13.00,500,12
763,779,066570,LG전자,보통주,유가증권시장,"1,200",1.10,24.00,"5,000",12
764,780,065530,와이어블,보통주,코스닥시장,50,1.10,10.00,500,12
765,766,092780,동양피스톤,보통주,유가증권시장,60,1.10,12.00,500,12
766,767,026890,디피씨,보통주,유가증권시장,90,1.10,18.00,500,12
767,768,093380,풍강,보통주,코스닥시장,30,1.10,6.00,500,08
768,769,170790,파이오링크,보통주,코스닥시장,150,1.10,30.00,500,12
769,785,012620,원일특강,보통주,코스닥시장,120,1.08,24.00,500,12
770,786,039830,오로라월드,보통주,코스닥시장,100,1.07,20.00,500,12
771,787,137940,넥스트아이,보통주,코스닥시장,17,1.07,17.00,100,12
772,788,006370,대구백화점,보통주,유가증권시장,100,1.06,2.00,"5,000",12
773,789,004560,현대비앤지스틸,보통주,유가증권시장,100,1.05,2.00,"5,000",12
774,790,067830,세이브존아이앤씨,보통주,유가증권시장,30,1.04,3.00,"1,000",12
775,791,000050,경방,보통주,유가증권시장,125,1.04,25.00,500,12
776,792,337930,브랜드엑스코퍼레이션,보통주,코스닥시장,110,1.04,22.00,500,12
777,793,019770,서연탑메탈,보통주,코스닥시장,85,1.03,17.00,500,12
778,794,092070,디엔에프,보통주,코스닥시장,200,1.00,40.00,500,12
779,795,097950,씨제이제일제당,보통주,유가증권시장,"4,000",1.00,80.00,"5,000",12
780,781,201490,미투온,보통주,코스닥시장,65,1.10,13.00,500,12
781,782,066570,LG전자,보통주,유가증권시장,"1,200",1.10,24.00,"5,000",12
782,783,065530,와이어블,보통주,코스닥시장,50,1.10,10.00,500,12
783,799,189980,흥국에프엔비,보통주,코스닥시장,20,1.00,20.00,100,12
784,800,149980,하이로닉,보통주,코스닥시장,49,1.00,49.00,100,12
785,801,115960,연우,보통주,코스닥시장,190,1.00,38.00,500,12
786,802,050960,수산아이앤티,보통주,코스닥시장,125,1.00,25.00,500,12
787,803,025860,남해화학,보통주,유가증권시장,80,1.00,8.00,"1,000",12
788,804,014680,한솔케미칼,보통주,유가증권시장,"1,800",1.00,36.00,"5,000",12
789,805,009140,경인전자,보통주,유가증권시장,250,1.00,5.00,"5,000",12
790,806,007820,에스엠코어,보통주,코스닥시장,70,1.00,14.00,500,12
791,807,124560,태웅로직스,보통주,코스닥시장,50,1.00,50.00,100,12
792,808,212560,네오오토,보통주,코스닥시장,50,1.00,10.00,500,12
793,809,140070,서플러스글로벌,보통주,코스닥시장,30,1.00,30.00,100,12
794,810,097950,씨제이제일제당,보통주,유가증권시장,"4,000",1.00,80.00,"5,000",12
795,796,066130,하츠,보통주,코스닥시장,80,1.00,16.00,500,12
796,797,036570,엔씨소프트,보통주,유가증권시장,"8,550",1.00,"1,710.00",500,12
797,798,000660,에스케이하이닉스,보통주,유가증권시장,"1,170",1.00,23.40,"5,000",12
798,799,189980,흥국에프엔비,보통주,코스닥시장,20,1.00,20.00,100,12
799,815,149980,하이로닉,보통주,코스닥시장,49,1.00,49.00,100,12
800,816,115960,연우,보통주,코스닥시장,190,1.00,38.00,500,12
801,817,050960,수산아이앤티,보통주,코스닥시장,125,1.00,25.00,500,12
802,818,025860,남해화학,보통주,유가증권시장,80,1.00,8.00,"1,000",12
803,819,014680,한솔케미칼,보통주,유가증권시장,"1,800",1.00,36.00,"5,000",12
804,820,009140,경인전자,보통주,유가증권시장,250,1.00,5.00,"5,000",12
805,821,007820,에스엠코어,보통주,코스닥시장,70,1.00,14.00,500,12
806,822,124560,태웅로직스,보통주,코스닥시장,50,1.00,50.00,100,12
807,823,212560,네오오토,보통주,코스닥시장,50,1.00,10.00,500,12
808,824,140070,서플러스글로벌,보통주,코스닥시장,30,1.00,30.00,100,12
809,825,097950,씨제이제일제당,보통주,유가증권시장,"4,000",1.00,80.00,"5,000",12
810,811,066130,하츠,보통주,코스닥시장,80,1.00,16.00,500,12
811,812,036570,엔씨소프트,보통주,유가증권시장,"8,550",1.00,"1,710.00",500,12
812,813,000660,에스케이하이닉스,보통주,유가증권시장,"1,170",1.00,23.40,"5,000",12
813,814,189980,흥국에프엔비,보통주,코스닥시장,20,1.00,20.00,100,12
814,830,036200,유니셈,보통주,코스닥시장,80,0.97,16.00,500,12
815,831,010040,한국내화,보통주,유가증권시장,35,0.96,7.00,500,12
816,832,318000,한국바이오젠,보통주,코스닥시장,75,0.96,37.50,200,12
817,833,189860,서전기전,보통주,코스닥시장,30,0.95,6.00,500,12
818,834,141000,비아트론,보통주,코스닥시장,100,0.94,20.00,500,12
819,835,035080,인터파크,보통주,코스닥시장,20,0.93,4.00,500,12
820,836,228850,레이언스,보통주,코스닥시장,100,0.92,20.00,500,12
821,837,089010,켐트로닉스,보통주,코스닥시장,250,0.92,50.00,500,12
822,838,008490,서흥,보통주,유가증권시장,450,0.90,90.00,500,12
823,839,068290,삼성출판사,보통주,유가증권시장,200,0.90,40.00,500,12
824,840,033100,제룡전기,보통주,코스닥시장,50,0.90,10.00,500,12
825,826,212560,네오오토,보통주,코스닥시장,50,1.00,10.00,500,12
826,827,140070,서플러스글로벌,보통주,코스닥시장,30,1.00,30.00,100,12
827,828,097950,씨제이제일제당,보통주,유가증권시장,"4,000",1.00,80.00,"5,000",12
828,829,009290,광동제약,보통주,유가증권시장,100,0.98,10.00,"1,000",12
829,845,002390,한독,보통주,유가증권시장,300,0.90,60.00,500,12
830,846,001060,제이더블유중외제약,보통주,유가증권시장,325,0.90,13.00,"2,500",12
831,847,036010,아비코전자,보통주,코스닥시장,70,0.90,14.00,500,12
832,848,048770,TPC메카트로닉스,보통주,코스닥시장,35,0.90,7.00,500,12
833,849,318010,(주)팜스빌,보통주,코스닥시장,100,0.90,20.00,500,12
834,850,282880,코윈테크,보통주,코스닥시장,200,0.90,40.00,500,12
835,851,239610,에이치엘사이언스,보통주,코스닥시장,400,0.90,80.00,500,12
836,852,108230,톱텍,보통주,코스닥시장,100,0.90,20.00,500,12
837,853,102460,이연제약,보통주,유가증권시장,200,0.90,40.00,500,12
838,854,068290,삼성출판사,보통주,유가증권시장,200,0.90,40.00,500,12
839,855,033100,제룡전기,보통주,코스닥시장,50,0.90,10.00,500,12
840,841,214450,파마리서치,보통주,코스닥시장,500,0.90,100.00,500,12
841,842,065370,위세아이텍,보통주,코스닥시장,150,0.90,30.00,500,12
842,843,050760,에스폴리텍,보통주,코스닥시장,50,0.90,10.00,500,12
843,844,111710,남화산업,보통주,코스닥시장,100,0.90,50.00,200,12
844,860,002390,한독,보통주,유가증권시장,300,0.90,60.00,500,12
845,861,001060,제이더블유중외제약,보통주,유가증권시장,325,0.90,13.00,"2,500",12
846,862,036010,아비코전자,보통주,코스닥시장,70,0.90,14.00,500,12
847,863,048770,TPC메카트로닉스,보통주,코스닥시장,35,0.90,7.00,500,12
848,864,318010,(주)팜스빌,보통주,코스닥시장,100,0.90,20.00,500,12
849,865,282880,코윈테크,보통주,코스닥시장,200,0.90,40.00,500,12
850,866,239610,에이치엘사이언스,보통주,코스닥시장,400,0.90,80.00,500,12
851,867,108230,톱텍,보통주,코스닥시장,100,0.90,20.00,500,12
852,868,102460,이연제약,보통주,유가증권시장,200,0.90,40.00,500,12
853,869,068290,삼성출판사,보통주,유가증권시장,200,0.90,40.00,500,12
854,870,033100,제룡전기,보통주,코스닥시장,50,0.90,10.00,500,12
855,856,214450,파마리서치,보통주,코스닥시장,500,0.90,100.00,500,12
856,857,065370,위세아이텍,보통주,코스닥시장,150,0.90,30.00,500,12
857,858,050760,에스폴리텍,보통주,코스닥시장,50,0.90,10.00,500,12
858,859,111710,남화산업,보통주,코스닥시장,100,0.90,50.00,200,12
859,875,033100,제룡전기,보통주,코스닥시장,50,0.90,10.00,500,12
860,876,317850,대모엔지니어링,보통주,코스닥시장,40,0.89,8.00,500,12
861,877,039440,에스티아이,보통주,코스닥시장,150,0.88,30.00,500,12
862,878,243070,휴온스,보통주,코스닥시장,600,0.88,120.00,500,12
863,879,023900,풍국주정공업,보통주,코스닥시장,180,0.87,36.00,500,12
864,880,023800,인지컨트롤스,보통주,유가증권시장,100,0.87,20.00,500,12
865,881,004270,남성,보통주,유가증권시장,35,0.85,7.00,500,12
866,882,033290,코웰패션,보통주,코스닥시장,120,0.85,24.00,500,12
867,883,004490,세방전지,보통주,유가증권시장,500,0.84,100.00,500,12
868,884,005745,크라운해태홀딩스1우,우선주,유가증권시장,105,0.84,21.00,500,12
869,885,069730,디에스알제강,보통주,유가증권시장,40,0.83,8.00,500,12
870,871,239610,에이치엘사이언스,보통주,코스닥시장,400,0.90,80.00,500,12
871,872,108230,톱텍,보통주,코스닥시장,100,0.90,20.00,500,12
872,873,102460,이연제약,보통주,유가증권시장,200,0.90,40.00,500,12
873,874,068290,삼성출판사,보통주,유가증권시장,200,0.90,40.00,500,12
874,890,067170,오텍,보통주,코스닥시장,130,0.80,26.00,500,12
875,891,041830,인바디,보통주,코스닥시장,140,0.80,28.00,500,12
876,892,033320,제이씨현시스템,보통주,코스닥시장,70,0.80,14.00,500,12
877,893,004430,송원산업,보통주,유가증권시장,120,0.80,24.00,500,12
878,894,001810,무림에스피,보통주,코스닥시장,25,0.80,5.00,500,12
879,895,119850,지엔씨에너지,보통주,코스닥시장,50,0.80,10.00,500,12
880,896,120240,대정화금,보통주,코스닥시장,300,0.80,60.00,500,12
881,897,081150,티플랙스,보통주,코스닥시장,25,0.80,5.00,500,12
882,898,046890,서울반도체,보통주,코스닥시장,157,0.80,31.40,500,12
883,899,091590,남화토건,보통주,코스닥시장,100,0.80,20.00,500,12
884,900,036120,에스씨아이평가정보,보통주,코스닥시장,35,0.80,7.00,500,12
885,886,018250,애경산업,보통주,유가증권시장,200,0.83,20.00,"1,000",12
886,887,099190,아이센스,보통주,코스닥시장,250,0.83,50.00,500,12
887,888,000230,일동홀딩스,보통주,유가증권시장,100,0.80,10.00,"1,000",12
888,889,079370,제우스,보통주,코스닥시장,200,0.80,40.00,500,12
889,905,067170,오텍,보통주,코스닥시장,130,0.80,26.00,500,12
890,906,041830,인바디,보통주,코스닥시장,140,0.80,28.00,500,12
891,907,033320,제이씨현시스템,보통주,코스닥시장,70,0.80,14.00,500,12
892,908,004430,송원산업,보통주,유가증권시장,120,0.80,24.00,500,12
893,909,001810,무림에스피,보통주,코스닥시장,25,0.80,5.00,500,12
894,910,119850,지엔씨에너지,보통주,코스닥시장,50,0.80,10.00,500,12
895,911,120240,대정화금,보통주,코스닥시장,300,0.80,60.00,500,12
896,912,081150,티플랙스,보통주,코스닥시장,25,0.80,5.00,500,12
897,913,046890,서울반도체,보통주,코스닥시장,157,0.80,31.40,500,12
898,914,091590,남화토건,보통주,코스닥시장,100,0.80,20.00,500,12
899,915,036120,에스씨아이평가정보,보통주,코스닥시장,35,0.80,7.00,500,12
900,901,014280,금강공업,보통주,유가증권시장,40,0.80,4.00,"1,000",12
901,902,009460,한창제지,보통주,유가증권시장,20,0.80,4.00,500,12
902,903,206640,바디텍메드,보통주,코스닥시장,200,0.80,20.00,"1,000",12
903,904,079370,제우스,보통주,코스닥시장,200,0.80,40.00,500,12
904,920,067170,오텍,보통주,코스닥시장,130,0.80,26.00,500,12
905,921,041830,인바디,보통주,코스닥시장,140,0.80,28.00,500,12
906,922,033320,제이씨현시스템,보통주,코스닥시장,70,0.80,14.00,500,12
907,923,004430,송원산업,보통주,유가증권시장,120,0.80,24.00,500,12
908,924,001810,무림에스피,보통주,코스닥시장,25,0.80,5.00,500,12
909,925,119850,지엔씨에너지,보통주,코스닥시장,50,0.80,10.00,500,12
910,926,120240,대정화금,보통주,코스닥시장,300,0.80,60.00,500,12
911,927,081150,티플랙스,보통주,코스닥시장,25,0.80,5.00,500,12
912,928,046890,서울반도체,보통주,코스닥시장,157,0.80,31.40,500,12
913,929,091590,남화토건,보통주,코스닥시장,100,0.80,20.00,500,12
914,930,036120,에스씨아이평가정보,보통주,코스닥시장,35,0.80,7.00,500,12
915,916,014280,금강공업,보통주,유가증권시장,40,0.80,4.00,"1,000",12
916,917,009460,한창제지,보통주,유가증권시장,20,0.80,4.00,500,12
917,918,206640,바디텍메드,보통주,코스닥시장,200,0.80,20.00,"1,000",12
918,919,079370,제우스,보통주,코스닥시장,200,0.80,40.00,500,12
919,935,332570,와이팜,보통주,코스닥시장,100,0.78,20.00,500,12
920,936,017040,광명전기,보통주,유가증권시장,15,0.76,3.00,500,12
921,937,265740,엔에프씨,보통주,코스닥시장,100,0.76,100.00,100,12
922,938,038070,서린바이오사이언스,보통주,코스닥시장,100,0.76,20.00,500,12
923,939,319660,피에스케이,보통주,코스닥시장,300,0.76,60.00,500,12
924,940,290270,휴네시온,보통주,코스닥시장,40,0.75,8.00,500,12
925,941,900340,윙입푸드홀딩스,보통주,코스닥시장,10,0.74,0.00,0,12
926,942,002840,미원상사,보통주,유가증권시장,700,0.74,140.00,500,12
927,943,246690,티에스인베스트먼트,보통주,코스닥시장,25,0.74,5.00,500,12
928,944,357780,솔브레인,보통주,코스닥시장,"1,950",0.73,390.00,500,12
929,945,277070,린드먼아시아인베스트먼트,보통주,코스닥시장,38,0.72,7.60,500,12
930,931,017650,대림제지,보통주,코스닥시장,75,0.79,15.00,500,12
931,932,252500,세화피앤씨,보통주,코스닥시장,30,0.79,30.00,100,12
932,933,009440,케이씨그린홀딩스,보통주,유가증권시장,40,0.79,8.00,500,12
933,934,222980,한국맥널티,보통주,코스닥시장,50,0.79,10.00,500,12
934,950,012610,경인양행,보통주,유가증권시장,50,0.70,10.00,500,12
935,951,003925,남양유업1우,우선주,유가증권시장,"1,050",0.70,21.00,"5,000",12
936,952,093320,케이아이엔엑스,보통주,코스닥시장,500,0.70,100.00,500,12
937,953,095910,에스에너지,보통주,코스닥시장,50,0.70,10.00,500,12
938,954,022100,포스코ICT,보통주,코스닥시장,50,0.70,10.00,500,12
939,955,004840,DRB동일,보통주,유가증권시장,50,0.70,10.00,500,12
940,956,004310,현대약품,보통주,유가증권시장,43,0.70,8.50,500,11
941,957,033130,디지틀조선일보,보통주,코스닥시장,20,0.70,4.00,500,12
942,958,031430,신세계인터내셔날,보통주,유가증권시장,"1,100",0.70,22.00,"5,000",12
943,959,014970,삼륭물산,보통주,코스닥시장,75,0.70,15.00,500,12
944,960,006730,서부티엔디,보통주,코스닥시장,50,0.70,10.00,500,12
945,946,017890,한국알콜산업,보통주,코스닥시장,100,0.70,20.00,500,12
946,947,142210,유니트론텍,보통주,코스닥시장,50,0.70,10.00,500,12
947,948,023160,태광,보통주,코스닥시장,50,0.70,10.00,500,12
948,964,095910,에스에너지,보통주,코스닥시장,50,0.70,10.00,500,12
949,965,022100,포스코ICT,보통주,코스닥시장,50,0.70,10.00,500,12
950,966,004840,DRB동일,보통주,유가증권시장,50,0.70,10.00,500,12
951,967,004310,현대약품,보통주,유가증권시장,43,0.70,8.50,500,11
952,968,033130,디지틀조선일보,보통주,코스닥시장,20,0.70,4.00,500,12
953,969,031430,신세계인터내셔날,보통주,유가증권시장,"1,100",0.70,22.00,"5,000",12
954,970,014970,삼륭물산,보통주,코스닥시장,75,0.70,15.00,500,12
955,971,006730,서부티엔디,보통주,코스닥시장,50,0.70,10.00,500,12
956,972,058400,케이엔엔,보통주,코스닥시장,15,0.69,3.00,500,12
957,973,009450,경동나비엔,보통주,유가증권시장,350,0.67,35.00,"1,000",12
958,974,107590,미원홀딩스,보통주,유가증권시장,500,0.66,100.00,500,12
959,975,012280,영화금속,보통주,유가증권시장,15,0.65,3.00,500,12
960,961,012610,경인양행,보통주,유가증권시장,50,0.70,10.00,500,12
961,962,003925,남양유업1우,우선주,유가증권시장,"1,050",0.70,21.00,"5,000",12
962,963,093320,케이아이엔엑스,보통주,코스닥시장,500,0.70,100.00,500,12
963,964,095910,에스에너지,보통주,코스닥시장,50,0.70,10.00,500,12
964,980,237880,클리오,보통주,코스닥시장,100,0.60,20.00,500,12
965,981,054210,이랜텍,보통주,코스닥시장,50,0.60,10.00,500,12
966,982,007160,사조산업,보통주,유가증권시장,200,0.60,4.00,"5,000",12
967,983,251270,넷마블,보통주,유가증권시장,767,0.60,767.00,100,12
968,984,200130,콜마비앤에이치,보통주,코스닥시장,320,0.60,64.00,500,12
969,985,08645K,동국제약1우,우선주,기타비상장,180,0.60,36.00,500,12
970,986,271560,오리온(신설),보통주,유가증권시장,750,0.60,150.00,500,12
971,987,243840,신흥에스이씨,보통주,코스닥시장,300,0.60,12.00,"2,500",12
972,988,098460,고영테크놀러지,보통주,코스닥시장,550,0.60,110.00,100,12
973,989,086450,동국제약,보통주,코스닥시장,180,0.60,36.00,500,12
974,990,100660,서암기계공업,보통주,코스닥시장,35,0.60,7.00,500,12
975,976,024940,피엔풍년,보통주,코스닥시장,25,0.64,5.00,500,12
976,977,215360,우리산업,보통주,코스닥시장,120,0.64,24.00,500,12
977,978,048470,대동스틸,보통주,코스닥시장,30,0.62,6.00,500,12
978,979,045660,에이텍,보통주,코스닥시장,200,0.60,40.00,500,12
979,995,237880,클리오,보통주,코스닥시장,100,0.60,20.00,500,12
980,996,054210,이랜텍,보통주,코스닥시장,50,0.60,10.00,500,12
981,997,007160,사조산업,보통주,유가증권시장,200,0.60,4.00,"5,000",12
982,998,251270,넷마블,보통주,유가증권시장,767,0.60,767.00,100,12
983,999,200130,콜마비앤에이치,보통주,코스닥시장,320,0.60,64.00,500,12
984,1000,08645K,동국제약1우,우선주,기타비상장,180,0.60,36.00,500,12
985,1001,271560,오리온(신설),보통주,유가증권시장,750,0.60,150.00,500,12
986,1002,243840,신흥에스이씨,보통주,코스닥시장,300,0.60,12.00,"2,500",12
987,1003,098460,고영테크놀러지,보통주,코스닥시장,550,0.60,110.00,100,12
988,1004,086450,동국제약,보통주,코스닥시장,180,0.60,36.00,500,12
989,1005,100660,서암기계공업,보통주,코스닥시장,35,0.60,7.00,500,12
990,991,017810,풀무원,보통주,유가증권시장,102,0.60,20.40,500,12
991,992,004170,신세계,보통주,유가증권시장,"1,500",0.60,30.00,"5,000",12
992,993,003380,하림지주,보통주,코스닥시장,50,0.60,50.00,100,12
993,994,253590,네오셈,보통주,코스닥시장,20,0.60,20.00,100,12
994,1010,17860K,대동고려삼1우,우선주,기타비상장,35,0.59,7.00,500,06
995,1011,072470,우리산업홀딩스,보통주,코스닥시장,30,0.59,6.00,500,12
996,1012,214390,경보제약,보통주,유가증권시장,100,0.58,20.00,500,12
997,1013,289010,아이스크림에듀,보통주,코스닥시장,50,0.58,10.00,500,12
998,1014,060850,영림원소프트랩,보통주,코스닥시장,80,0.57,16.00,500,12
999,1015,179900,유티아이,보통주,코스닥시장,100,0.57,20.00,500,12
1000,1016,006740,영풍제지,보통주,유가증권시장,40,0.56,8.00,500,12
1001,1017,060370,케이티서브마린,보통주,코스닥시장,30,0.56,3.00,"1,000",12
1002,1018,158300,에스에이티,보통주,코넥스시장,50,0.56,10.00,500,12
1003,1019,036480,대성미생물연구소,보통주,코스닥시장,85,0.54,17.00,500,12
1004,1020,086060,진바이오텍,보통주,코스닥시장,30,0.54,6.00,500,12
1005,1006,098460,고영테크놀러지,보통주,코스닥시장,550,0.60,110.00,100,12
1006,1007,086450,동국제약,보통주,코스닥시장,180,0.60,36.00,500,12
1007,1008,100660,서암기계공업,보통주,코스닥시장,35,0.60,7.00,500,12
1008,1024,007860,서연,보통주,유가증권시장,50,0.52,10.00,500,12
1009,1025,090850,현대이지웰,보통주,코스닥시장,55,0.52,11.00,500,12
1010,1026,086900,메디톡스,보통주,코스닥시장,"1,000",0.50,200.00,500,12
1011,1027,013810,스페코,보통주,코스닥시장,50,0.50,10.00,500,12
1012,1028,009470,삼화전기,보통주,유가증권시장,100,0.50,10.00,"1,000",12
1013,1029,007770,한일화학공업,보통주,코스닥시장,50,0.50,10.00,500,12
1014,1030,004100,태양금속공업,보통주,유가증권시장,5,0.50,1.00,500,12
1015,1031,000100,유한양행,보통주,유가증권시장,400,0.50,40.00,"1,000",12
1016,1032,285130,SK케미칼,보통주,유가증권시장,"2,000",0.50,40.00,"5,000",12
1017,1033,041440,현대에버다임,보통주,코스닥시장,20,0.50,4.00,500,12
1018,1034,028100,동아지질,보통주,유가증권시장,75,0.50,15.00,500,12
1019,1035,313760,윌링스,보통주,코스닥시장,80,0.50,16.00,500,12
1020,1021,322000,현대에너지솔루션(주),보통주,유가증권시장,200,0.53,4.00,"5,000",12
1021,1022,134790,시디즈,보통주,유가증권시장,300,0.53,60.00,500,12
1022,1023,032620,유비케어,보통주,코스닥시장,50,0.52,10.00,500,12
1023,1024,007860,서연,보통주,유가증권시장,50,0.52,10.00,500,12
1024,1040,265520,에이피시스템,보통주,코스닥시장,120,0.50,24.00,500,12
1025,1041,224110,에이텍티앤,보통주,코스닥시장,100,0.50,20.00,500,12
1026,1042,013810,스페코,보통주,코스닥시장,50,0.50,10.00,500,12
1027,1043,009470,삼화전기,보통주,유가증권시장,100,0.50,10.00,"1,000",12
1028,1044,007770,한일화학공업,보통주,코스닥시장,50,0.50,10.00,500,12
1029,1045,004100,태양금속공업,보통주,유가증권시장,5,0.50,1.00,500,12
1030,1046,000100,유한양행,보통주,유가증권시장,400,0.50,40.00,"1,000",12
1031,1047,285130,SK케미칼,보통주,유가증권시장,"2,000",0.50,40.00,"5,000",12
1032,1048,041440,현대에버다임,보통주,코스닥시장,20,0.50,4.00,500,12
1033,1049,028100,동아지질,보통주,유가증권시장,75,0.50,15.00,500,12
1034,1050,313760,윌링스,보통주,코스닥시장,80,0.50,16.00,500,12
1035,1036,950170,JTC KDR,보통주,코스닥시장,35,0.50,0.00,0,02
1036,1037,198440,고려시멘트,보통주,코스닥시장,15,0.50,15.00,100,12
1037,1038,091580,상신이디피,보통주,코스닥시장,70,0.50,14.00,500,12
1038,1039,037230,한국팩키지,보통주,코스닥시장,35,0.50,7.00,500,12
1039,1055,041440,현대에버다임,보통주,코스닥시장,20,0.50,4.00,500,12
1040,1056,028100,동아지질,보통주,유가증권시장,75,0.50,15.00,500,12
1041,1057,313760,윌링스,보통주,코스닥시장,80,0.50,16.00,500,12
1042,1058,068240,다원시스,보통주,코스닥시장,100,0.49,20.00,500,12
1043,1059,030960,양지사,보통주,코스닥시장,50,0.48,10.00,500,06
1044,1060,214430,아이쓰리시스템,보통주,코스닥시장,100,0.47,20.00,500,12
1045,1061,079940,가비아,보통주,코스닥시장,60,0.47,12.00,500,12
1046,1062,049480,오픈베이스,보통주,코스닥시장,15,0.47,3.00,500,12
1047,1063,078140,대봉엘에스,보통주,코스닥시장,50,0.46,10.00,500,12
1048,1064,016920,카스,보통주,코스닥시장,10,0.45,2.00,500,12
1049,1065,043150,바텍,보통주,코스닥시장,100,0.45,20.00,500,12
1050,1051,007770,한일화학공업,보통주,코스닥시장,50,0.50,10.00,500,12
1051,1052,004100,태양금속공업,보통주,유가증권시장,5,0.50,1.00,500,12
1052,1053,000100,유한양행,보통주,유가증권시장,400,0.50,40.00,"1,000",12
1053,1054,285130,SK케미칼,보통주,유가증권시장,"2,000",0.50,40.00,"5,000",12
1054,1070,072020,중앙백신연구소,보통주,코스닥시장,70,0.41,14.00,500,12
1055,1071,003920,남양유업,보통주,유가증권시장,"1,000",0.40,20.00,"5,000",12
1056,1072,011070,LG이노텍,보통주,유가증권시장,700,0.40,14.00,"5,000",12
1057,1073,001460,BYC,보통주,유가증권시장,"1,100",0.40,22.00,"5,000",12
1058,1074,285490,노바텍,보통주,코스닥시장,300,0.40,60.00,500,12
1059,1075,090430,아모레퍼시픽,보통주,유가증권시장,800,0.40,160.00,500,12
1060,1076,053350,이니텍,보통주,코스닥시장,20,0.40,4.00,500,12
1061,1077,036810,에프에스티,보통주,코스닥시장,100,0.40,20.00,500,12
1062,1078,006280,녹십자,보통주,유가증권시장,"1,500",0.40,30.00,"5,000",12
1063,1079,322780,코퍼스코리아,보통주,코스닥시장,10,0.40,10.00,100,12
1064,1080,024830,세원물산,보통주,코스닥시장,25,0.40,5.00,500,12
1065,1066,007540,샘표,보통주,유가증권시장,200,0.42,20.00,"1,000",12
1066,1067,131290,티에스이,보통주,코스닥시장,250,0.42,50.00,500,12
1067,1068,035900,제이와이피엔터테인먼트,보통주,코스닥시장,154,0.42,30.80,500,12
1068,1069,048430,유라테크,보통주,코스닥시장,50,0.41,10.00,500,12
1069,1085,081660,휠라홀딩스,보통주,유가증권시장,185,0.40,18.50,"1,000",12
1070,1086,052260,현대바이오랜드,보통주,코스닥시장,100,0.40,20.00,500,12
1071,1087,011070,LG이노텍,보통주,유가증권시장,700,0.40,14.00,"5,000",12
1072,1088,001460,BYC,보통주,유가증권시장,"1,100",0.40,22.00,"5,000",12
1073,1089,285490,노바텍,보통주,코스닥시장,300,0.40,60.00,500,12
1074,1090,090430,아모레퍼시픽,보통주,유가증권시장,800,0.40,160.00,500,12
1075,1091,053350,이니텍,보통주,코스닥시장,20,0.40,4.00,500,12
1076,1092,036810,에프에스티,보통주,코스닥시장,100,0.40,20.00,500,12
1077,1093,006280,녹십자,보통주,유가증권시장,"1,500",0.40,30.00,"5,000",12
1078,1094,322780,코퍼스코리아,보통주,코스닥시장,10,0.40,10.00,100,12
1079,1095,024830,세원물산,보통주,코스닥시장,25,0.40,5.00,500,12
1080,1081,000725,현대건설1우,우선주,유가증권시장,650,0.40,13.00,"5,000",12
1081,1082,300120,라온피플(주),보통주,코스닥시장,100,0.40,20.00,500,12
1082,1083,094360,칩스앤미디어,보통주,코스닥시장,50,0.40,10.00,500,12
1083,1084,084850,아이티엠반도체,보통주,코스닥시장,200,0.40,40.00,500,12
1084,1100,081660,휠라홀딩스,보통주,유가증권시장,185,0.40,18.50,"1,000",12
1085,1101,052260,현대바이오랜드,보통주,코스닥시장,100,0.40,20.00,500,12
1086,1102,011070,LG이노텍,보통주,유가증권시장,700,0.40,14.00,"5,000",12
1087,1103,001460,BYC,보통주,유가증권시장,"1,100",0.40,22.00,"5,000",12
1088,1104,285490,노바텍,보통주,코스닥시장,300,0.40,60.00,500,12
1089,1105,090430,아모레퍼시픽,보통주,유가증권시장,800,0.40,160.00,500,12
1090,1106,053350,이니텍,보통주,코스닥시장,20,0.40,4.00,500,12
1091,1107,036810,에프에스티,보통주,코스닥시장,100,0.40,20.00,500,12
1092,1108,006280,녹십자,보통주,유가증권시장,"1,500",0.40,30.00,"5,000",12
1093,1109,322780,코퍼스코리아,보통주,코스닥시장,10,0.40,10.00,100,12
1094,1110,024830,세원물산,보통주,코스닥시장,25,0.40,5.00,500,12
1095,1096,000725,현대건설1우,우선주,유가증권시장,650,0.40,13.00,"5,000",12
1096,1097,300120,라온피플(주),보통주,코스닥시장,100,0.40,20.00,500,12
1097,1098,094360,칩스앤미디어,보통주,코스닥시장,50,0.40,10.00,500,12
1098,1099,084850,아이티엠반도체,보통주,코스닥시장,200,0.40,40.00,500,12
1099,1115,053580,웹케시,보통주,코스닥시장,250,0.36,50.00,500,12
1100,1116,000995,DB 하이텍1우,우선주,유가증권시장,400,0.35,8.00,"5,000",12
1101,1117,207760,미스터블루,보통주,코스닥시장,35,0.33,35.00,100,12
1102,1118,260970,에스앤디,보통주,코넥스시장,"1,000",0.33,200.00,500,12
1103,1119,207490,에이펙스인텍,보통주,코넥스시장,30,0.32,6.00,500,12
1104,1120,021820,세원정공,보통주,유가증권시장,25,0.31,5.00,500,06
1105,1121,002620,제일파마홀딩스,보통주,유가증권시장,70,0.30,14.00,500,12
1106,1122,066310,큐에스아이,보통주,코스닥시장,50,0.30,10.00,500,12
1107,1123,041920,메디아나,보통주,코스닥시장,50,0.30,10.00,500,12
1108,1124,017550,수산중공업,보통주,유가증권시장,10,0.30,2.00,500,12
1109,1125,003670,포스코케미칼,보통주,유가증권시장,300,0.30,60.00,500,12
1110,1111,006620,동구바이오제약,보통주,코스닥시장,100,0.39,20.00,500,12
1111,1112,126700,하이비젼시스템,보통주,코스닥시장,50,0.39,10.00,500,12
1112,1113,317240,티에스트릴리온,보통주,코스닥시장,10,0.39,10.00,100,12
1113,1114,032960,동일기연,보통주,코스닥시장,45,0.37,9.00,500,12
1114,1130,059210,메타바이오메드,보통주,코스닥시장,10,0.30,2.00,500,12
1115,1131,241590,화승엔터프라이즈,보통주,유가증권시장,45,0.30,9.00,500,12
1116,1132,108670,LX하우시스,보통주,유가증권시장,300,0.30,6.00,"5,000",12
1117,1133,007210,벽산,보통주,유가증권시장,7,0.30,1.40,500,12
1118,1134,005290,동진쎄미켐,보통주,코스닥시장,100,0.30,20.00,500,12
1119,1135,131970,테스나,보통주,코스닥시장,130,0.30,26.00,500,12
1120,1136,102710,이엔에프테크놀로지,보통주,코스닥시장,150,0.30,30.00,500,12
1121,1137,066310,큐에스아이,보통주,코스닥시장,50,0.30,10.00,500,12
1122,1138,041920,메디아나,보통주,코스닥시장,50,0.30,10.00,500,12
1123,1139,017550,수산중공업,보통주,유가증권시장,10,0.30,2.00,500,12
1124,1140,003670,포스코케미칼,보통주,유가증권시장,300,0.30,60.00,500,12
1125,1126,039030,이오테크닉스,보통주,코스닥시장,300,0.30,60.00,500,12
1126,1127,008930,한미사이언스,보통주,유가증권시장,200,0.30,40.00,500,12
1127,1128,131220,대한과학,보통주,코스닥시장,60,0.30,12.00,500,12
1128,1129,069620,대웅제약,보통주,유가증권시장,600,0.30,24.00,"2,500",12
1129,1145,148250,알엔투테크놀로지,보통주,코스닥시장,50,0.29,10.00,500,12
1130,1146,001515,SK증권1우,우선주,유가증권시장,15,0.29,3.00,500,12
1131,1147,288620,에스퓨얼셀,보통주,코스닥시장,100,0.28,20.00,500,12
1132,1148,083310,엘오티베큠,보통주,코스닥시장,50,0.28,10.00,500,12
1133,1149,353810,이지바이오,보통주,코스닥시장,75,0.24,75.00,100,12
1134,1150,004565,현대비앤지스틸1우,우선주,유가증권시장,150,0.23,3.00,"5,000",12
1135,1151,007575,일양약품1우,우선주,유가증권시장,145,0.23,5.80,"2,500",12
1136,1152,218410,알에프에이치아이씨,보통주,코스닥시장,100,0.23,20.00,500,12
1137,1153,140860,파크시스템스,보통주,코스닥시장,180,0.22,36.00,500,12
1138,1154,131370,알서포트,보통주,코스닥시장,30,0.22,30.00,100,12
1139,1155,200710,에이디테크놀로지,보통주,코스닥시장,70,0.20,14.00,500,12
1140,1141,041920,메디아나,보통주,코스닥시장,50,0.30,10.00,500,12
1141,1142,017550,수산중공업,보통주,유가증권시장,10,0.30,2.00,500,12
1142,1143,003670,포스코케미칼,보통주,유가증권시장,300,0.30,60.00,500,12
1143,1144,106190,하이텍팜,보통주,코스닥시장,50,0.29,10.00,500,12
1144,1160,189300,인텔리안테크놀로지스,보통주,코스닥시장,100,0.20,20.00,500,12
1145,1161,128940,한미약품,보통주,유가증권시장,500,0.20,20.00,"2,500",12
1146,1162,003090,대웅,보통주,유가증권시장,100,0.20,20.00,500,12
1147,1163,032300,한국파마,보통주,코스닥시장,50,0.20,10.00,500,12
1148,1164,008770,호텔신라,보통주,유가증권시장,200,0.20,4.00,"5,000",12
1149,1165,101490,에스앤에스텍,보통주,코스닥시장,80,0.20,16.00,500,12
1150,1166,003240,태광산업,보통주,유가증권시장,"1,550",0.20,31.00,"5,000",12
1151,1167,121600,나노신소재,보통주,코스닥시장,100,0.20,20.00,500,12
1152,1168,006400,삼성SDI,보통주,유가증권시장,"1,000",0.20,20.00,"5,000",12
1153,1169,001840,이화공영,보통주,코스닥시장,10,0.19,2.00,500,12
1154,1170,007570,일양약품,보통주,유가증권시장,120,0.19,4.80,"2,500",12
1155,1156,063160,종근당바이오,보통주,유가증권시장,200,0.20,8.00,"2,500",12
1156,1157,011390,부산산업,보통주,유가증권시장,250,0.20,5.00,"5,000",12
1157,1158,002710,티씨씨스틸,보통주,유가증권시장,15,0.20,1.50,"1,000",12
1158,1174,042600,새로닉스,보통주,코스닥시장,20,0.16,4.00,500,12
1159,1175,144510,녹십자랩셀,보통주,코스닥시장,100,0.12,20.00,500,12
1160,1176,078600,대주전자재료,보통주,코스닥시장,50,0.11,10.00,500,12
1161,1177,019175,신풍제약1우,우선주,유가증권시장,115,0.10,23.00,500,12
1162,1178,019170,신풍제약,보통주,유가증권시장,100,0.10,20.00,500,12
1163,1179,007610,선도전기,보통주,유가증권시장,5,0.10,1.00,500,12
1164,1180,271980,제일약품(신설),보통주,유가증권시장,70,0.10,14.00,500,12
1165,1181,039290,인포뱅크,보통주,코스닥시장,10,0.10,2.00,500,12
1166,1182,010955,S-OIL1우,우선주,유가증권시장,25,0.10,1.00,"2,500",12
1167,1183,031390,녹십자셀,보통주,코스닥시장,100,0.10,20.00,500,12
1168,1184,016385,케이지동부제철 주식회사1우,우선주,유가증권시장,150,0.10,3.00,"5,000",12
1169,1185,001745,SK네트웍스1우,우선주,유가증권시장,145,0.10,5.80,"2,500",12
1170,1171,094170,동운아나텍,보통주,코스닥시장,20,0.17,4.00,500,12
1171,1172,278280,천보,보통주,코스닥시장,300,0.17,60.00,500,12
1172,1173,002760,보락,보통주,유가증권시장,4,0.16,2.00,200,12
1173,1189,068330,일신바이오베이스,보통주,코스닥시장,7,0.09,7.00,100,12
1174,1190,035720,카카오,보통주,유가증권시장,150,0.04,30.00,100,12
1175,1191,014915,성문전자1우,우선주,유가증권시장,5,0.01,1.00,500,12
1176,1192,094285,효성ITX1우,우선주,기타비상장,755,0.00,151.00,500,12
1177,1193,343470,케이비평촌리테일위탁관리부동산투자회사,보통주,기타비상장,0,0.00,36.42,"5,000",12
1178,1194,169330,마크로밀엠브레인,보통주,코스닥시장,220,0.00,44.00,500,06
1179,1195,017555,수산중공업1우,우선주,기타비상장,15,0.00,3.00,500,12
1180,1196,030215,케이티비투자증권1우,우선주,기타비상장,"2,559",0.00,51.18,"5,000",12
1181,1197,032760,세종,보통주,기타비상장,0,0.00,1.30,"5,000",12
1182,1198,038990,넥스콘테크놀러지,보통주,기타비상장,"281,500",0.00,93.83,"300,000",12
1183,1199,035240,주택도시보증공사,보통주,기타비상장,0,0.00,3.40,"5,000",12
1184,1200,064400,엘지씨엔에스,보통주,기타비상장,855,0.00,171.00,500,12
1185,1186,031390,녹십자셀,보통주,코스닥시장,100,0.10,20.00,500,12
1186,1187,016385,케이지동부제철 주식회사1우,우선주,유가증권시장,150,0.10,3.00,"5,000",12
1187,1188,001745,SK네트웍스1우,우선주,유가증권시장,145,0.10,5.80,"2,500",12
1188,1189,068330,일신바이오베이스,보통주,코스닥시장,7,0.09,7.00,100,12
1189,1205,343470,케이비평촌리테일위탁관리부동산투자회사,보통주,기타비상장,0,0.00,36.42,"5,000",12
1190,1206,169330,마크로밀엠브레인,보통주,코스닥시장,220,0.00,44.00,500,06
1191,1207,017555,수산중공업1우,우선주,기타비상장,15,0.00,3.00,500,12
1192,1208,030215,케이티비투자증권1우,우선주,기타비상장,"2,559",0.00,51.18,"5,000",12
1193,1209,032760,세종,보통주,기타비상장,0,0.00,1.30,"5,000",12
1194,1210,038990,넥스콘테크놀러지,보통주,기타비상장,"281,500",0.00,93.83,"300,000",12
1195,1211,035240,주택도시보증공사,보통주,기타비상장,0,0.00,3.40,"5,000",12
1196,1212,064400,엘지씨엔에스,보통주,기타비상장,855,0.00,171.00,500,12
1197,1213,039885,케이씨씨정보통신1우,우선주,기타비상장,0,0.00,20.00,500,12
1198,1214,050480,마이다스아이티,보통주,프리보드시장,150,0.00,30.00,500,12
1199,1215,046440,케이지모빌리언스,보통주,코스닥시장,220,0.00,44.00,500,12
1200,1201,32095K,코크렙제47호위탁관리부동산투자회사1우,우선주,기타비상장,0,0.00,24.11,"5,000",05
1201,1202,013690,이랜드리테일,보통주,기타비상장,0,0.00,36.00,"5,000",12
1202,1203,088980,맥쿼리한국인프라투융자회사,보통주,유가증권시장,720,0.00,12.91,0,12
1203,1204,178600,대동고려삼,보통주,코넥스시장,0,0.00,0.00,500,06
1204,1220,017555,수산중공업1우,우선주,기타비상장,15,0.00,3.00,500,12
1205,1221,030215,케이티비투자증권1우,우선주,기타비상장,"2,559",0.00,51.18,"5,000",12
1206,1222,032760,세종,보통주,기타비상장,0,0.00,1.30,"5,000",12
1207,1223,038990,넥스콘테크놀러지,보통주,기타비상장,"281,500",0.00,93.83,"300,000",12
1208,1224,035240,주택도시보증공사,보통주,기타비상장,0,0.00,3.40,"5,000",12
1209,1225,064400,엘지씨엔에스,보통주,기타비상장,855,0.00,171.00,500,12
1210,1226,039885,케이씨씨정보통신1우,우선주,기타비상장,0,0.00,20.00,500,12
1211,1227,050480,마이다스아이티,보통주,프리보드시장,150,0.00,30.00,500,12
1212,1228,046440,케이지모빌리언스,보통주,코스닥시장,220,0.00,44.00,500,12
1213,1229,068410,아코디스,보통주,기타비상장,50,0.00,10.00,500,12
1214,1230,078830,제이오텍,보통주,기타비상장,0,0.00,24.00,500,12
1215,1216,088980,맥쿼리한국인프라투융자회사,보통주,유가증권시장,720,0.00,12.91,0,12
1216,1217,178600,대동고려삼,보통주,코넥스시장,0,0.00,0.00,500,06
1217,1218,343470,케이비평촌리테일위탁관리부동산투자회사,보통주,기타비상장,0,0.00,36.42,"5,000",12
1218,1219,169330,마크로밀엠브레인,보통주,코스닥시장,220,0.00,44.00,500,06
1219,1235,038990,넥스콘테크놀러지,보통주,기타비상장,"281,500",0.00,93.83,"300,000",12
1220,1236,035240,주택도시보증공사,보통주,기타비상장,0,0.00,3.40,"5,000",12
1221,1237,064400,엘지씨엔에스,보통주,기타비상장,855,0.00,171.00,500,12
1222,1238,039885,케이씨씨정보통신1우,우선주,기타비상장,0,0.00,20.00,500,12
1223,1239,050480,마이다스아이티,보통주,프리보드시장,150,0.00,30.00,500,12
1224,1240,046440,케이지모빌리언스,보통주,코스닥시장,220,0.00,44.00,500,12
1225,1241,068410,아코디스,보통주,기타비상장,50,0.00,10.00,500,12
1226,1242,078830,제이오텍,보통주,기타비상장,0,0.00,24.00,500,12
1227,1243,099320,쎄트렉아이,보통주,코스닥시장,340,0.00,68.00,500,12
1228,1244,10384K,우양1우,우선주,기타비상장,50,0.00,50.00,100,12
1229,1245,126340,비나텍,보통주,코스닥시장,0,0.00,0.00,500,12
1230,1231,169330,마크로밀엠브레인,보통주,코스닥시장,220,0.00,44.00,500,06
1231,1232,017555,수산중공업1우,우선주,기타비상장,15,0.00,3.00,500,12
1232,1233,030215,케이티비투자증권1우,우선주,기타비상장,"2,559",0.00,51.18,"5,000",12
1233,1249,064400,엘지씨엔에스,보통주,기타비상장,855,0.00,171.00,500,12
1234,1250,039885,케이씨씨정보통신1우,우선주,기타비상장,0,0.00,20.00,500,12
1235,1251,050480,마이다스아이티,보통주,프리보드시장,150,0.00,30.00,500,12
1236,1252,046440,케이지모빌리언스,보통주,코스닥시장,220,0.00,44.00,500,12
1237,1253,068410,아코디스,보통주,기타비상장,50,0.00,10.00,500,12
1238,1254,078830,제이오텍,보통주,기타비상장,0,0.00,24.00,500,12
1239,1255,099320,쎄트렉아이,보통주,코스닥시장,340,0.00,68.00,500,12
1240,1256,10384K,우양1우,우선주,기타비상장,50,0.00,50.00,100,12
1241,1257,126340,비나텍,보통주,코스닥시장,0,0.00,0.00,500,12
1242,1258,137080,나래나노텍,보통주,기타비상장,0,0.00,20.00,500,12
1243,1259,140320,대우산업개발,보통주,프리보드시장,230,0.00,4.60,"5,000",12
1244,1260,163560,동일고무벨트,보통주,유가증권시장,100,0.00,20.00,500,12
1245,1246,032760,세종,보통주,기타비상장,0,0.00,1.30,"5,000",12
1246,1247,038990,넥스콘테크놀러지,보통주,기타비상장,"281,500",0.00,93.83,"300,000",12
1247,1248,035240,주택도시보증공사,보통주,기타비상장,0,0.00,3.40,"5,000",12
1248,1249,064400,엘지씨엔에스,보통주,기타비상장,855,0.00,171.00,500,12
1249,1250,039885,케이씨씨정보통신1우,우선주,기타비상장,0,0.00,20.00,500,12
1250,1266,10384K,우양1우,우선주,기타비상장,50,0.00,50.00,100,12
1251,1267,126340,비나텍,보통주,코스닥시장,0,0.00,0.00,500,12
1252,1268,137080,나래나노텍,보통주,기타비상장,0,0.00,20.00,500,12
1253,1269,140320,대우산업개발,보통주,프리보드시장,230,0.00,4.60,"5,000",12
1254,1270,163560,동일고무벨트,보통주,유가증권시장,100,0.00,20.00,500,12
1255,1271,228350,불스원,보통주,기타비상장,0,0.00,5.00,500,12
1256,1272,232150,이지메디컴,보통주,기타비상장,0,0.00,10.00,500,12
1257,1273,138290,지성이씨에스,보통주,기타비상장,200,0.00,20.00,"1,000",12
1258,1274,30292K,더콘텐츠온1우,우선주,기타비상장,5,0.00,1.00,500,12
1259,1275,29664K,이노룰스1우,우선주,기타비상장,0,0.00,0.00,500,12
1260,1261,050480,마이다스아이티,보통주,프리보드시장,150,0.00,30.00,500,12
1261,1262,046440,케이지모빌리언스,보통주,코스닥시장,220,0.00,44.00,500,12
1262,1263,068410,아코디스,보통주,기타비상장,50,0.00,10.00,500,12
1263,1264,078830,제이오텍,보통주,기타비상장,0,0.00,24.00,500,12
1264,1280,29664K,이노룰스1우,우선주,기타비상장,0,0.00,0.00,500,12
1265,1281,30703K,조앤강1우,우선주,기타비상장,400,0.00,400.00,100,12
1266,1282,307030,조앤강,보통주,기타비상장,15,0.00,15.00,100,12
1267,1283,26574K,엔에프씨1우,우선주,기타비상장,100,0.00,100.00,100,12
1268,1284,107870,세일이엔에스보통주,보통주,기타비상장,0,0.00,80.00,"5,000",12
1269,1285,262840,아이퀘스트,보통주,코스닥시장,100,0.00,100.00,100,12
1270,1286,359960,하나트러스트제6호위탁관리부동산투자회사,보통주,기타비상장,0,0.00,0.00,"5,000",12
1271,1287,36078K,하나트러스트제5호위탁관리부동산투자회사1우,우선주,기타비상장,0,0.00,4.82,"5,000",12
1272,1288,203810,국제16호선박투자회사,보통주,기타비상장,0,0.00,3.69,"5,000",12
1273,1289,32700L,신한알파강남위탁관리부동산투자회사1우,우선주,기타비상장,0,0.00,157.10,"1,000",03
1274,1290,335050,신한호텔천안위탁관리부동산투자회사,보통주,기타비상장,0,0.00,0.00,"1,000",03
1275,1276,228350,불스원,보통주,기타비상장,0,0.00,5.00,500,12
1276,1277,232150,이지메디컴,보통주,기타비상장,0,0.00,10.00,500,12
1277,1278,138290,지성이씨에스,보통주,기타비상장,200,0.00,20.00,"1,000",12
1278,1279,30292K,더콘텐츠온1우,우선주,기타비상장,5,0.00,1.00,500,12
1279,1295,307030,조앤강,보통주,기타비상장,15,0.00,15.00,100,12
1280,1296,26574K,엔에프씨1우,우선주,기타비상장,100,0.00,100.00,100,12
1281,1297,107870,세일이엔에스보통주,보통주,기타비상장,0,0.00,80.00,"5,000",12
1282,1298,262840,아이퀘스트,보통주,코스닥시장,100,0.00,100.00,100,12
1283,1299,359960,하나트러스트제6호위탁관리부동산투자회사,보통주,기타비상장,0,0.00,0.00,"5,000",12
1284,1300,36078K,하나트러스트제5호위탁관리부동산투자회사1우,우선주,기타비상장,0,0.00,4.82,"5,000",12
1285,1301,203810,국제16호선박투자회사,보통주,기타비상장,0,0.00,3.69,"5,000",12
1286,1302,32700L,신한알파강남위탁관리부동산투자회사1우,우선주,기타비상장,0,0.00,157.10,"1,000",03
1287,1303,335050,신한호텔천안위탁관리부동산투자회사,보통주,기타비상장,0,0.00,0.00,"1,000",03
1288,1304,274030,그렉스,보통주,기타비상장,180,0.00,36.00,500,12
1289,1305,096300,한국월드와이드베트남부동산개발특별자산1호투자회사,보통주,유가증권시장,70,0.00,16.67,0,02
1290,1291,138290,지성이씨에스,보통주,기타비상장,200,0.00,20.00,"1,000",12
1291,1292,30292K,더콘텐츠온1우,우선주,기타비상장,5,0.00,1.00,500,12
1292,1293,29664K,이노룰스1우,우선주,기타비상장,0,0.00,0.00,500,12
1293,1294,30703K,조앤강1우,우선주,기타비상장,400,0.00,400.00,100,12
1294,1310,26574K,엔에프씨1우,우선주,기타비상장,100,0.00,100.00,100,12
1295,1311,107870,세일이엔에스보통주,보통주,기타비상장,0,0.00,80.00,"5,000",12
1296,1312,262840,아이퀘스트,보통주,코스닥시장,100,0.00,100.00,100,12
1297,1313,359960,하나트러스트제6호위탁관리부동산투자회사,보통주,기타비상장,0,0.00,0.00,"5,000",12
1298,1314,36078K,하나트러스트제5호위탁관리부동산투자회사1우,우선주,기타비상장,0,0.00,4.82,"5,000",12
1299,1315,203810,국제16호선박투자회사,보통주,기타비상장,0,0.00,3.69,"5,000",12
1300,1316,32700L,신한알파강남위탁관리부동산투자회사1우,우선주,기타비상장,0,0.00,157.10,"1,000",03
1301,1317,335050,신한호텔천안위탁관리부동산투자회사,보통주,기타비상장,0,0.00,0.00,"1,000",03
1302,1318,274030,그렉스,보통주,기타비상장,180,0.00,36.00,500,12
1303,1319,096300,한국월드와이드베트남부동산개발특별자산1호투자회사,보통주,유가증권시장,70,0.00,16.67,0,02
1304,1320,00188K,디엘건설1우,우선주,기타비상장,"4,784",0.00,95.68,"5,000",12
1305,1306,30292K,더콘텐츠온1우,우선주,기타비상장,5,0.00,1.00,500,12
1306,1307,29664K,이노룰스1우,우선주,기타비상장,0,0.00,0.00,500,12
1307,1308,30703K,조앤강1우,우선주,기타비상장,400,0.00,400.00,100,12
1308,1309,307030,조앤강,보통주,기타비상장,15,0.00,15.00,100,12
1309,1325,26574K,엔에프씨1우,우선주,기타비상장,100,0.00,100.00,100,12
1310,1326,107870,세일이엔에스보통주,보통주,기타비상장,0,0.00,80.00,"5,000",12
1311,1327,262840,아이퀘스트,보통주,코스닥시장,100,0.00,100.00,100,12
1312,1328,359960,하나트러스트제6호위탁관리부동산투자회사,보통주,기타비상장,0,0.00,0.00,"5,000",12
1313,1329,36078K,하나트러스트제5호위탁관리부동산투자회사1우,우선주,기타비상장,0,0.00,4.82,"5,000",12
1314,1330,203810,국제16호선박투자회사,보통주,기타비상장,0,0.00,3.69,"5,000",12
1315,1331,32700L,신한알파강남위탁관리부동산투자회사1우,우선주,기타비상장,0,0.00,157.10,"1,000",03
1316,1332,335050,신한호텔천안위탁관리부동산투자회사,보통주,기타비상장,0,0.00,0.00,"1,000",03
1317,1333,274030,그렉스,보통주,기타비상장,180,0.00,36.00,500,12
1318,1334,096300,한국월드와이드베트남부동산개발특별자산1호투자회사,보통주,유가증권시장,70,0.00,16.67,0,02
1319,1335,00188K,디엘건설1우,우선주,기타비상장,"4,784",0.00,95.68,"5,000",12
1320,1321,30292K,더콘텐츠온1우,우선주,기타비상장,5,0.00,1.00,500,12
1321,1322,29664K,이노룰스1우,우선주,기타비상장,0,0.00,0.00,500,12
1322,1323,30703K,조앤강1우,우선주,기타비상장,400,0.00,400.00,100,12
1323,1324,307030,조앤강,보통주,기타비상장,15,0.00,15.00,100,12
1324,1325,26574K,엔에프씨1우,우선주,기타비상장,100,0.00,100.00,100,12
1325,1341,262840,아이퀘스트,보통주,코스닥시장,100,0.00,100.00,100,12
1326,1342,359960,하나트러스트제6호위탁관리부동산투자회사,보통주,기타비상장,0,0.00,0.00,"5,000",12
1327,1343,36078K,하나트러스트제5호위탁관리부동산투자회사1우,우선주,기타비상장,0,0.00,4.82,"5,000",12
1328,1344,203810,국제16호선박투자회사,보통주,기타비상장,0,0.00,3.69,"5,000",12
1329,1345,32700L,신한알파강남위탁관리부동산투자회사1우,우선주,기타비상장,0,0.00,157.10,"1,000",03
1330,1346,335050,신한호텔천안위탁관리부동산투자회사,보통주,기타비상장,0,0.00,0.00,"1,000",03
1331,1347,274030,그렉스,보통주,기타비상장,180,0.00,36.00,500,12
1332,1348,096300,한국월드와이드베트남부동산개발특별자산1호투자회사,보통주,유가증권시장,70,0.00,16.67,0,02
1333,1349,00188K,디엘건설1우,우선주,기타비상장,"4,784",0.00,95.68,"5,000",12
1334,1350,011060,한국씨엔티,보통주,기타비상장,200,0.00,40.00,500,12
1335,1336,29664K,이노룰스1우,우선주,기타비상장,0,0.00,0.00,500,12
1336,1337,30703K,조앤강1우,우선주,기타비상장,400,0.00,400.00,100,12
1337,1338,307030,조앤강,보통주,기타비상장,15,0.00,15.00,100,12
1338,1339,26574K,엔에프씨1우,우선주,기타비상장,100,0.00,100.00,100,12
1339,1355,107870,세일이엔에스보통주,보통주,기타비상장,0,0.00,80.00,"5,000",12
1340,1356,262840,아이퀘스트,보통주,코스닥시장,100,0.00,100.00,100,12
1341,1357,359960,하나트러스트제6호위탁관리부동산투자회사,보통주,기타비상장,0,0.00,0.00,"5,000",12
1342,1358,36078K,하나트러스트제5호위탁관리부동산투자회사1우,우선주,기타비상장,0,0.00,4.82,"5,000",12
1343,1359,203810,국제16호선박투자회사,보통주,기타비상장,0,0.00,3.69,"5,000",12
1344,1360,32700L,신한알파강남위탁관리부동산투자회사1우,우선주,기타비상장,0,0.00,157.10,"1,000",03
1345,1361,335050,신한호텔천안위탁관리부동산투자회사,보통주,기타비상장,0,0.00,0.00,"1,000",03
1346,1362,274030,그렉스,보통주,기타비상장,180,0.00,36.00,500,12
1347,1363,096300,한국월드와이드베트남부동산개발특별자산1호투자회사,보통주,유가증권시장,70,0.00,16.67,0,02
1348,1364,00188K,디엘건설1우,우선주,기타비상장,"4,784",0.00,95.68,"5,000",12
1349,1365,011060,한국씨엔티,보통주,기타비상장,200,0.00,40.00,500,12
1350,1351,29664K,이노룰스1우,우선주,기타비상장,0,0.00,0.00,500,12
1351,1352,30703K,조앤강1우,우선주,기타비상장,400,0.00,400.00,100,12
1352,1353,307030,조앤강,보통주,기타비상장,15,0.00,15.00,100,12
1353,1354,26574K,엔에프씨1우,우선주,기타비상장,100,0.00,100.00,100,12
1354,1370,335050,신한호텔천안위탁관리부동산투자회사,보통주,기타비상장,0,0.00,0.00,"1,000",03
1355,1371,274030,그렉스,보통주,기타비상장,180,0.00,36.00,500,12
1356,1372,096300,한국월드와이드베트남부동산개발특별자산1호투자회사,보통주,유가증권시장,70,0.00,16.67,0,02
1357,1373,00188K,디엘건설1우,우선주,기타비상장,"4,784",0.00,95.68,"5,000",12
1358,1374,011060,한국씨엔티,보통주,기타비상장,200,0.00,40.00,500,12
1359,1375,058210,실크로드시앤티,보통주,기타비상장,0,0.00,100.00,500,12
1360,1376,060080,제4기한국,보통주,기타비상장,0,0.00,40.00,500,12
1361,1377,073980,교보생명보험,보통주,기타비상장,"1,000",0.00,100.00,"1,000",12
1362,1378,042910,위즈네트,보통주,기타비상장,"1,500",0.00,30.00,"5,000",12
1363,1379,049030,프로랭스,보통주,기타비상장,40,0.00,8.00,500,12
1364,1380,049130,하우리,보통주,프리보드시장,0,0.00,6.00,500,12
1365,1366,359960,하나트러스트제6호위탁관리부동산투자회사,보통주,기타비상장,0,0.00,0.00,"5,000",12
1366,1367,36078K,하나트러스트제5호위탁관리부동산투자회사1우,우선주,기타비상장,0,0.00,4.82,"5,000",12
1367,1368,203810,국제16호선박투자회사,보통주,기타비상장,0,0.00,3.69,"5,000",12
1368,1369,32700L,신한알파강남위탁관리부동산투자회사1우,우선주,기타비상장,0,0.00,157.10,"1,000",03
1369,1385,00188K,디엘건설1우,우선주,기타비상장,"4,784",0.00,95.68,"5,000",12
1370,1386,011060,한국씨엔티,보통주,기타비상장,200,0.00,40.00,500,12
1371,1387,058210,실크로드시앤티,보통주,기타비상장,0,0.00,100.00,500,12
1372,1388,060080,제4기한국,보통주,기타비상장,0,0.00,40.00,500,12
1373,1389,073980,교보생명보험,보통주,기타비상장,"1,000",0.00,100.00,"1,000",12
1374,1390,042910,위즈네트,보통주,기타비상장,"1,500",0.00,30.00,"5,000",12
1375,1391,049030,프로랭스,보통주,기타비상장,40,0.00,8.00,500,12
1376,1392,049130,하우리,보통주,프리보드시장,0,0.00,6.00,500,12
1377,1393,070340,서진캠,보통주,기타비상장,0,0.00,4.00,500,12
1378,1394,073960,씨브이네트,보통주,프리보드시장,0,0.00,5.00,500,12
1379,1395,079180,내일신문,보통주,프리보드시장,0,0.00,25.00,"5,000",12
1380,1381,32700L,신한알파강남위탁관리부동산투자회사1우,우선주,기타비상장,0,0.00,157.10,"1,000",03
1381,1382,335050,신한호텔천안위탁관리부동산투자회사,보통주,기타비상장,0,0.00,0.00,"1,000",03
1382,1383,274030,그렉스,보통주,기타비상장,180,0.00,36.00,500,12
1383,1384,096300,한국월드와이드베트남부동산개발특별자산1호투자회사,보통주,유가증권시장,70,0.00,16.67,0,02
1384,1400,073980,교보생명보험,보통주,기타비상장,"1,000",0.00,100.00,"1,000",12
1385,1401,042910,위즈네트,보통주,기타비상장,"1,500",0.00,30.00,"5,000",12
1386,1402,049030,프로랭스,보통주,기타비상장,40,0.00,8.00,500,12
1387,1403,049130,하우리,보통주,프리보드시장,0,0.00,6.00,500,12
1388,1404,070340,서진캠,보통주,기타비상장,0,0.00,4.00,500,12
1389,1405,073960,씨브이네트,보통주,프리보드시장,0,0.00,5.00,500,12
1390,1406,079180,내일신문,보통주,프리보드시장,0,0.00,25.00,"5,000",12
1391,1407,086520,에코프로,보통주,코스닥시장,300,0.00,60.00,500,12
1392,1408,086900,메디톡스,보통주,코스닥시장,0,0.00,0.00,500,12
1393,1409,072990,에이치시티,보통주,코스닥시장,50,0.00,10.00,500,12
1394,1410,095380,동원엔터프라이즈,보통주,기타비상장,"1,000",0.00,20.00,"5,000",12
1395,1396,00188K,디엘건설1우,우선주,기타비상장,"4,784",0.00,95.68,"5,000",12
1396,1397,011060,한국씨엔티,보통주,기타비상장,200,0.00,40.00,500,12
1397,1398,058210,실크로드시앤티,보통주,기타비상장,0,0.00,100.00,500,12
1398,1414,070340,서진캠,보통주,기타비상장,0,0.00,4.00,500,12
1399,1415,073960,씨브이네트,보통주,프리보드시장,0,0.00,5.00,500,12
1400,1416,079180,내일신문,보통주,프리보드시장,0,0.00,25.00,"5,000",12
1401,1417,086520,에코프로,보통주,코스닥시장,300,0.00,60.00,500,12
1402,1418,086900,메디톡스,보통주,코스닥시장,0,0.00,0.00,500,12
1403,1419,072990,에이치시티,보통주,코스닥시장,50,0.00,10.00,500,12
1404,1420,095380,동원엔터프라이즈,보통주,기타비상장,"1,000",0.00,20.00,"5,000",12
1405,1421,099620,코엔스,보통주,프리보드시장,0,0.00,100.00,500,12
1406,1422,123900,골든블루,보통주,프리보드시장,50,0.00,10.00,500,12
1407,1423,105915,케이티디에스1우,우선주,기타비상장,0,0.00,25.00,"5,000",12
1408,1424,139150,이지스자산운용,보통주,기타비상장,0,0.00,140.00,500,12
1409,1425,144920,케이씨씨홀딩스,보통주,기타비상장,0,0.00,20.00,500,12
1410,1411,042910,위즈네트,보통주,기타비상장,"1,500",0.00,30.00,"5,000",12
1411,1412,049030,프로랭스,보통주,기타비상장,40,0.00,8.00,500,12
1412,1413,049130,하우리,보통주,프리보드시장,0,0.00,6.00,500,12
1413,1414,070340,서진캠,보통주,기타비상장,0,0.00,4.00,500,12
1414,1430,072990,에이치시티,보통주,코스닥시장,50,0.00,10.00,500,12
1415,1431,095380,동원엔터프라이즈,보통주,기타비상장,"1,000",0.00,20.00,"5,000",12
1416,1432,099620,코엔스,보통주,프리보드시장,0,0.00,100.00,500,12
1417,1433,123900,골든블루,보통주,프리보드시장,50,0.00,10.00,500,12
1418,1434,105915,케이티디에스1우,우선주,기타비상장,0,0.00,25.00,"5,000",12
1419,1435,139150,이지스자산운용,보통주,기타비상장,0,0.00,140.00,500,12
1420,1436,144920,케이씨씨홀딩스,보통주,기타비상장,0,0.00,20.00,500,12
1421,1437,217590,티엠씨,보통주,기타비상장,0,0.00,150.00,100,12
1422,1438,302920,더콘텐츠온,보통주,코넥스시장,0,0.00,0.00,500,12
1423,1439,30709K,케이씨씨오토그룹1우,우선주,기타비상장,0,0.00,20.00,500,12
1424,1440,346150,브이피,보통주,기타비상장,416,0.00,8.32,"5,000",12
1425,1426,073960,씨브이네트,보통주,프리보드시장,0,0.00,5.00,500,12
1426,1427,079180,내일신문,보통주,프리보드시장,0,0.00,25.00,"5,000",12
1427,1428,086520,에코프로,보통주,코스닥시장,300,0.00,60.00,500,12
1428,1429,086900,메디톡스,보통주,코스닥시장,0,0.00,0.00,500,12
1429,1445,357140,코마스인터렉티브,보통주,기타비상장,0,0.00,13.00,500,12
1430,1431,095380,동원엔터프라이즈,보통주,기타비상장,"1,000",0.00,20.00,"5,000",12
1431,1432,099620,코엔스,보통주,프리보드시장,0,0.00,100.00,500,12
1432,1433,123900,골든블루,보통주,프리보드시장,50,0.00,10.00,500,12
1433,1434,105915,케이티디에스1우,우선주,기타비상장,0,0.00,25.00,"5,000",12
1434,1435,139150,이지스자산운용,보통주,기타비상장,0,0.00,140.00,500,12
1435,1436,144920,케이씨씨홀딩스,보통주,기타비상장,0,0.00,20.00,500,12
1436,1437,217590,티엠씨,보통주,기타비상장,0,0.00,150.00,100,12
1437,1438,302920,더콘텐츠온,보통주,코넥스시장,0,0.00,0.00,500,12
1438,1439,30709K,케이씨씨오토그룹1우,우선주,기타비상장,0,0.00,20.00,500,12
1439,1440,346150,브이피,보통주,기타비상장,416,0.00,8.32,"5,000",12
1440,1441,217590,티엠씨,보통주,기타비상장,0,0.00,150.00,100,12
1441,1442,302920,더콘텐츠온,보통주,코넥스시장,0,0.00,0.00,500,12
1442,1443,30709K,케이씨씨오토그룹1우,우선주,기타비상장,0,0.00,20.00,500,12
1443,1444,346150,브이피,보통주,기타비상장,416,0.00,8.32,"5,000",12
1444,1445,357140,코마스인터렉티브,보통주,기타비상장,0,0.00,13.00,500,12
1445,1431,095380,동원엔터프라이즈,보통주,기타비상장,"1,000",0.00,20.00,"5,000",12
1446,1432,099620,코엔스,보통주,프리보드시장,0,0.00,100.00,500,12
1447,1433,123900,골든블루,보통주,프리보드시장,50,0.00,10.00,500,12
1448,1434,105915,케이티디에스1우,우선주,기타비상장,0,0.00,25.00,"5,000",12
1449,1435,139150,이지스자산운용,보통주,기타비상장,0,0.00,140.00,500,12
1450,1436,144920,케이씨씨홀딩스,보통주,기타비상장,0,0.00,20.00,500,12
1451,1437,217590,티엠씨,보통주,기타비상장,0,0.00,150.00,100,12
1452,1438,302920,더콘텐츠온,보통주,코넥스시장,0,0.00,0.00,500,12
1453,1439,30709K,케이씨씨오토그룹1우,우선주,기타비상장,0,0.00,20.00,500,12
1454,1440,346150,브이피,보통주,기타비상장,416,0.00,8.32,"5,000",12
1455,1441,217590,티엠씨,보통주,기타비상장,0,0.00,150.00,100,12
1456,1442,302920,더콘텐츠온,보통주,코넥스시장,0,0.00,0.00,500,12
1457,1443,30709K,케이씨씨오토그룹1우,우선주,기타비상장,0,0.00,20.00,500,12
1458,1444,346150,브이피,보통주,기타비상장,416,0.00,8.32,"5,000",12
1459,1445,357140,코마스인터렉티브,보통주,기타비상장,0,0.00,13.00,500,12
1460,1431,095380,동원엔터프라이즈,보통주,기타비상장,"1,000",0.00,20.00,"5,000",12
1461,1432,099620,코엔스,보통주,프리보드시장,0,0.00,100.00,500,12
1462,1433,123900,골든블루,보통주,프리보드시장,50,0.00,10.00,500,12
1463,1434,105915,케이티디에스1우,우선주,기타비상장,0,0.00,25.00,"5,000",12
1464,1435,139150,이지스자산운용,보통주,기타비상장,0,0.00,140.00,500,12
1465,1436,144920,케이씨씨홀딩스,보통주,기타비상장,0,0.00,20.00,500,12
1466,1437,217590,티엠씨,보통주,기타비상장,0,0.00,150.00,100,12
1467,1438,302920,더콘텐츠온,보통주,코넥스시장,0,0.00,0.00,500,12
1468,1439,30709K,케이씨씨오토그룹1우,우선주,기타비상장,0,0.00,20.00,500,12
1469,1440,346150,브이피,보통주,기타비상장,416,0.00,8.32,"5,000",12
